category,case_id,opened_dt,sla_dt,closed_dt,late,dept,reason,type,case_status,source_id,address,council_district,xcoord,ycoord,report_start,report_end,zip
Health & Sanitation,1020063088,2024-12-05,2025-01-07,,YES,Human Services,Homeless Services,Homeless Outreach,Open,Constituent Call,"1523 DELGADO ST, SAN ANTONIO, 78207",5,2116892,13707664,2025-02-07,2026-02-07,78207
Health & Sanitation,1020067907,2024-12-09,2025-01-09,2025-02-13,YES,Human Services,Homeless Services,Homeless Encampment,Closed,Constituent Call,"830 BRADY BLVD, SAN ANTONIO, 78207",5,2115711,13694253,2025-02-07,2026-02-07,78207
Health & Sanitation,1020077680,2024-12-16,2025-01-15,2025-02-27,YES,Human Services,Homeless Services,Homeless Encampment,Closed,Constituent Call,"200 LOMBRANO ST, SAN ANTONIO, 78207",1,2125574,13708072,2025-02-07,2026-02-07,78207
Health & Sanitation,1020081723,2024-12-18,2025-01-17,2025-04-07,YES,Human Services,Homeless Services,Homeless Encampment,Closed,Constituent Call,"2919 S LAREDO ST, SAN ANTONIO, 78207",5,2117633,13698261,2025-02-07,2026-02-07,78207
Health & Sanitation,1020093436,2024-12-30,2025-01-24,2025-02-19,YES,Human Services,Homeless Services,Homeless Encampment,Closed,Constituent Call,"813 S CIBOLO ST, SAN ANTONIO, 78207",5,2120516,13700380,2025-02-07,2026-02-07,78207
Health & Sanitation,1020094712,2024-12-30,2025-01-24,2025-02-19,YES,Human Services,Homeless Services,Homeless Encampment,Closed,Constituent Call,"714 TORREON, SAN ANTONIO, 78207",5,2121080,13700717,2025-02-07,2026-02-07,78207
Health & Sanitation,1020104099,2025-01-07,2025-01-29,2025-04-07,YES,Human Services,Homeless Services,Homeless Encampment,Closed,Constituent Call,"1423 N SAN JACINTO ST, SAN ANTONIO, 78207",1,2123135,13708408,2025-02-07,2026-02-07,78207
Health & Sanitation,1020112474,2025-01-11,2025-02-04,2025-02-17,YES,Human Services,Homeless Services,Homeless Encampment,Closed,Constituent Call,"818 BRADY BLVD, SAN ANTONIO, 78207",5,2115827,13694237,2025-02-07,2026-02-07,78207
Health & Sanitation,1020133878,2025-01-26,2025-02-17,2025-04-08,YES,Human Services,Homeless Services,Homeless Encampment,Closed,Constituent Call,"4319 W MARTIN ST, SAN ANTONIO, 78207",5,2113896,13705587,2025-02-07,2026-02-07,78207
Health & Sanitation,1020134077,2025-01-26,2025-02-17,2025-02-27,YES,Human Services,Homeless Services,Homeless Encampment,Closed,Constituent Call,"1219 LOMBRANO ST, SAN ANTONIO, 78207",1,2118669,13709016,2025-02-07,2026-02-07,78207
Health & Sanitation,1020137097,2025-01-28,2025-02-18,2025-03-04,YES,Human Services,Homeless Services,Homeless Encampment,Closed,Constituent Call,"2323 GUADALUPE ST, SAN ANTONIO, 78207",5,2119163,13700438,2025-02-07,2026-02-07,78207
Health & Sanitation,1020143595,2025-02-01,2025-02-24,2025-04-08,YES,Human Services,Homeless Services,Homeless Encampment,Closed,Constituent Call,"1108 MONTEREY ST, SAN ANTONIO, 78207",5,2124267,13702156,2025-02-07,2026-02-07,78207
Health & Sanitation,1020143652,2025-02-01,2025-02-24,2025-03-04,YES,Human Services,Homeless Services,Homeless Encampment,Closed,Constituent Call,"309 ALBERT ST, SAN ANTONIO, 78207",1,2119399,13708355,2025-02-07,2026-02-07,78207
Health & Sanitation,1020149369,2025-02-05,2025-02-26,2025-04-08,YES,Human Services,Homeless Services,Homeless Encampment,Closed,Constituent Call,"Elmendorf Lake Park,  3700 W COMMERCE ST, SAN ANTONIO, 78207",5,2114877,13703847,2025-02-07,2026-02-07,78207
Health & Sanitation,1020149705,2025-02-05,2025-02-26,2025-03-04,YES,Human Services,Homeless Services,Homeless Encampment,Closed,Constituent Call,"1224 LOMBRANO ST, SAN ANTONIO, 78207",1,2118616,13708938,2025-02-07,2026-02-07,78207
Health & Sanitation,1020166982,2025-02-16,2025-03-10,2025-04-08,YES,Human Services,Homeless Services,Homeless Encampment,Closed,Constituent Call,"208 S SAN MARCOS, SAN ANTONIO, 78207",5,2124923,13702352,2025-02-07,2026-02-07,78207
Health & Sanitation,1020183089,2025-02-26,2025-03-04,2025-03-03,NO,Metro Health,Food Establishments,General Sanitation (Sanitary Conditions),Closed,Constituent Call,"821 W COMMERCE ST, SAN ANTONIO, 78207",5,2126548,13702866,2025-02-07,2026-02-07,78207
Health & Sanitation,1020187468,2025-02-28,2025-03-06,2025-03-03,NO,Metro Health,Food Establishments,General Sanitation (Sanitary Conditions),Closed,Constituent Call,"635 S FRIO ST, SAN ANTONIO, 78207",5,2126054,13700531,2025-02-07,2026-02-07,78207
Health & Sanitation,1020189698,2025-03-03,2025-03-07,2025-03-06,NO,Metro Health,Food Establishments,General Sanitation (Sanitary Conditions),Closed,Constituent Call,"700 S ZARZAMORA ST, SAN ANTONIO, 78207",5,2118996,13701063,2025-02-07,2026-02-07,78207
Health & Sanitation,1020192508,2025-03-04,2025-03-25,2025-08-21,YES,Human Services,Homeless Services,Homeless Encampment,Closed,Constituent Call,"1301 GUADALUPE ST, SAN ANTONIO, 78207",5,2123002,13700080,2025-02-07,2026-02-07,78207
Health & Sanitation,1020194972,2025-03-05,2025-03-11,2025-03-07,NO,Metro Health,Food Establishments,General Sanitation (Food Contamination),Closed,Constituent Call,"822 SW 19TH ST, SAN ANTONIO, 78207",5,2115905,13700804,2025-02-07,2026-02-07,78207
Health & Sanitation,1020196182,2025-03-05,2025-03-26,2025-04-10,YES,Human Services,Homeless Services,Homeless Encampment,Closed,Constituent Call,"813 S SABINAS, SAN ANTONIO, 78207",5,2120881,13700340,2025-02-07,2026-02-07,78207
Health & Sanitation,1020199454,2025-03-07,2025-03-28,2025-04-10,YES,Human Services,Homeless Services,Homeless Encampment,Closed,Constituent Call,"1226 NW 18TH ST, SAN ANTONIO, 78207",1,2117483,13708625,2025-02-07,2026-02-07,78207
Health & Sanitation,1020200700,2025-03-07,2025-03-28,2025-03-25,NO,Solid Waste Management,Miscellaneous,Encampment Abatement,Closed,Constituent Call,"514 EL PASO ST, SAN ANTONIO, 78207",5,2125831,13699999,2025-02-07,2026-02-07,78207
Health & Sanitation,1020203722,2025-03-10,2025-03-17,2025-03-11,NO,Metro Health,Facility License,Renewal / Invoice,Closed,Constituent Call,"3231 EL PASO ST, SAN ANTONIO, 78207",5,2116133,13701181,2025-02-07,2026-02-07,78207
Health & Sanitation,1020206328,2025-03-11,2025-03-18,2025-03-13,NO,Metro Health,Food Establishments,Food Illness(Food Borne Illness),Closed,Constituent Call,"1 HAVEN FOR HOPE WAY, SAN ANTONIO, 78207",5,2125765,13705268,2025-02-07,2026-02-07,78207
Health & Sanitation,1020209155,2025-03-13,2025-04-04,,YES,Human Services,Homeless Services,Homeless Outreach,Open,Constituent Call,"2410 POTOSI ST, SAN ANTONIO, 78207",5,2115431,13698668,2025-02-07,2026-02-07,78207
Health & Sanitation,1020213158,2025-03-15,2025-04-08,2025-06-16,YES,Human Services,Homeless Services,Homeless Encampment,Closed,Constituent Call,"1219 LOMBRANO ST, SAN ANTONIO, 78207",1,2118669,13709016,2025-02-07,2026-02-07,78207
Health & Sanitation,1020213865,2025-03-16,2025-04-08,2025-06-17,YES,Human Services,Homeless Services,Homeless Encampment,Closed,Constituent Call,"1903 GUADALUPE ST, SAN ANTONIO, 78207",5,2120872,13700265,2025-02-07,2026-02-07,78207
Health & Sanitation,1020214372,2025-03-17,2025-03-21,2025-03-18,NO,Metro Health,Food Establishments,Food Illness(Food Borne Illness),Closed,Constituent Call,"137 JEAN ST, SAN ANTONIO, 78207",5,2122413,13697523,2025-02-07,2026-02-07,78207
Health & Sanitation,1020216376,2025-03-17,2025-04-09,,YES,Human Services,Homeless Services,Homeless Outreach,Open,Constituent Call,"4018 W HOUSTON ST, SAN ANTONIO, 78207",5,2113870,13704279,2025-02-07,2026-02-07,78207
Health & Sanitation,1020217988,2025-03-18,2025-03-24,2025-03-21,NO,Metro Health,Food Establishments,General Sanitation (Sanitary Conditions),Closed,Constituent Call,"821 W COMMERCE ST, SAN ANTONIO, 78207",5,2126548,13702866,2025-02-07,2026-02-07,78207
Health & Sanitation,1020218131,2025-03-18,2025-03-24,2025-03-21,NO,Metro Health,Food Establishments,General Sanitation (Sanitary Conditions),Closed,Constituent Call,"202 S TRINITY, SAN ANTONIO, 78207",5,2122005,13702737,2025-02-07,2026-02-07,78207
Health & Sanitation,1020226874,2025-03-24,2025-04-15,2025-06-20,YES,Human Services,Homeless Services,Homeless Encampment,Closed,Constituent Call,"2410 POTOSI ST, SAN ANTONIO, 78207",5,2115431,13698668,2025-02-07,2026-02-07,78207
Health & Sanitation,1020227691,2025-03-24,2025-04-01,2025-03-24,NO,Metro Health,Facility License,Renewal / Invoice,Closed,Constituent Call,"1013 S TRINITY, SAN ANTONIO, 78207",5,2121511,13699629,2025-02-07,2026-02-07,78207
Health & Sanitation,1020228500,2025-03-24,2025-04-15,2025-06-18,YES,Human Services,Homeless Services,Homeless Encampment,Closed,Constituent Call,"1116 N ELMENDORF ST, SAN ANTONIO, 78207",5,2118817,13707601,2025-02-07,2026-02-07,78207
Health & Sanitation,1020229455,2025-03-25,2025-04-01,2025-03-27,NO,Metro Health,Food Establishments,General Sanitation (Sanitary Conditions),Closed,Constituent Call,"2618 S ZARZAMORA ST, SAN ANTONIO, 78207",5,2118067,13692534,2025-02-07,2026-02-07,78207
Health & Sanitation,1020229493,2025-03-25,2025-04-16,2025-05-20,YES,Human Services,Homeless Services,Homeless Encampment,Closed,Constituent Call,"813 S CIBOLO ST, SAN ANTONIO, 78207",5,2120516,13700380,2025-02-07,2026-02-07,78207
Health & Sanitation,1020230894,2025-03-25,2025-04-17,2025-06-20,YES,Human Services,Homeless Services,Homeless Encampment,Closed,Constituent Call,"1310 S BRAZOS ST, SAN ANTONIO, 78207",5,2123314,13698260,2025-02-07,2026-02-07,78207
Health & Sanitation,1020232320,2025-03-26,2025-04-17,2025-06-20,YES,Human Services,Homeless Services,Homeless Encampment,Closed,Constituent Call,"514 EL PASO ST, SAN ANTONIO, 78207",5,2125831,13699999,2025-02-07,2026-02-07,78207
Health & Sanitation,1020233197,2025-03-26,2025-04-18,2025-06-20,YES,Human Services,Homeless Services,Homeless Encampment,Closed,Constituent Call,"521 S NAVIDAD, SAN ANTONIO, 78207",5,2120224,13701494,2025-02-07,2026-02-07,78207
Health & Sanitation,1020234983,2025-03-27,2025-04-21,2025-06-20,YES,Human Services,Homeless Services,Homeless Encampment,Closed,Constituent Call,"521 S NAVIDAD, SAN ANTONIO, 78207",5,2120224,13701494,2025-02-07,2026-02-07,78207
Health & Sanitation,1020236330,2025-03-28,2025-04-21,2025-06-20,YES,Human Services,Homeless Services,Homeless Encampment,Closed,Constituent Call,"Amistad Park,  1600 TAMPICO ST, SAN ANTONIO, 78207",5,2120165,13698630,2025-02-07,2026-02-07,78207
Health & Sanitation,1020240950,2025-04-01,2025-04-07,2025-04-03,NO,Metro Health,Food Establishments,General Sanitation (Sanitary Conditions),Closed,Constituent Call,"1025 S FRIO ST, SAN ANTONIO, 78207",5,2125847,13699030,2025-02-07,2026-02-07,78207
Health & Sanitation,1020242556,2025-04-02,2025-04-23,2025-06-20,YES,Human Services,Homeless Services,Homeless Encampment,Closed,Constituent Call,"Cassiano Park,  1728 POTOSI ST, SAN ANTONIO, 78207",5,2118180,13698397,2025-02-07,2026-02-07,78207
Health & Sanitation,1020243893,2025-04-02,2025-04-08,2025-04-03,NO,Metro Health,Food Establishments,General Sanitation (Pests),Closed,Constituent Call,"2209 GUADALUPE ST, SAN ANTONIO, 78207",5,2119696,13700384,2025-02-07,2026-02-07,78207
Health & Sanitation,1020247952,2025-04-04,2025-04-10,2025-04-07,NO,Metro Health,Food Establishments,General Sanitation (Sanitary Conditions),Closed,Constituent Call,"1025 S FRIO ST, SAN ANTONIO, 78207",5,2125847,13699030,2025-02-07,2026-02-07,78207
Health & Sanitation,1020248779,2025-04-04,2025-04-10,2025-04-07,NO,Metro Health,Food Establishments,General Sanitation (Sanitary Conditions),Closed,Constituent Call,"821 W COMMERCE ST, SAN ANTONIO, 78207",5,2126548,13702866,2025-02-07,2026-02-07,78207
Health & Sanitation,1020252687,2025-04-07,2025-04-11,2025-04-09,NO,Metro Health,Food Establishments,General Sanitation (Food Contact Surfaces),Closed,Constituent Call,"430 S SANTA ROSA, SAN ANTONIO, 78207",1,2128324,13700975,2025-02-07,2026-02-07,78207
Health & Sanitation,1020252885,2025-04-07,2025-04-28,2025-06-20,YES,Human Services,Homeless Services,Homeless Encampment,Closed,Constituent Call,"511 GUADALUPE ST, SAN ANTONIO, 78207",5,2125993,13699775,2025-02-07,2026-02-07,78207
Health & Sanitation,1020254178,2025-04-08,2025-04-15,2025-04-09,NO,Metro Health,Facility License,Renewal / Invoice,Closed,Constituent Call,"1901 S SAN MARCOS, SAN ANTONIO, 78207",5,2123847,13695417,2025-02-07,2026-02-07,78207
Health & Sanitation,1020257773,2025-04-09,2025-04-15,2025-04-14,NO,Metro Health,Food Establishments,General Sanitation (Hygienic Practices),Closed,Constituent Call,"1631 S LAREDO ST, SAN ANTONIO, 78207",5,2124427,13697594,2025-02-07,2026-02-07,78207
Health & Sanitation,1020262585,2025-04-11,2025-04-18,2025-04-15,NO,Metro Health,Food Establishments,General Sanitation (Hygienic Practices),Closed,Constituent Call,"821 W COMMERCE ST, SAN ANTONIO, 78207",5,2126548,13702866,2025-02-07,2026-02-07,78207
Health & Sanitation,1020264447,2025-04-14,2025-04-18,2025-04-16,NO,Metro Health,Food Establishments,General Sanitation (Sanitary Conditions),Closed,Constituent Call,"1502 N ZARZAMORA ST, SAN ANTONIO, 78207",1,2119699,13708921,2025-02-07,2026-02-07,78207
Health & Sanitation,1020268190,2025-04-15,2025-04-21,2025-04-15,NO,Metro Health,Vector,Vector Public Right of Way,Closed,Constituent Call,"1502 MORALES, SAN ANTONIO, 78207",5,2122470,13704936,2025-02-07,2026-02-07,78207
Health & Sanitation,1020268515,2025-04-15,2025-04-21,2025-04-16,NO,Metro Health,Vector,Vector Public Right of Way,Closed,Constituent Call,"1901 S SAN MARCOS, SAN ANTONIO, 78207",5,2123847,13695417,2025-02-07,2026-02-07,78207
Health & Sanitation,1020278240,2025-04-21,2025-04-25,2025-04-25,YES,Metro Health,Food Establishments,General Sanitation (Pests),Closed,Constituent Call,"827 S ZARZAMORA ST, SAN ANTONIO, 78207",5,2118678,13700533,2025-02-07,2026-02-07,78207
Health & Sanitation,1020281217,2025-04-22,2025-04-29,2025-04-24,NO,Metro Health,Food Establishments,General Sanitation (Food Contamination),Closed,Constituent Call,"2101 S LAREDO ST, SAN ANTONIO, 78207",5,2122618,13697810,2025-02-07,2026-02-07,78207
Health & Sanitation,1020281554,2025-04-23,2025-04-29,2025-04-24,NO,Metro Health,Food Establishments,General Sanitation (Hygienic Practices),Closed,Constituent Call,"100 N SANTA ROSA, SAN ANTONIO, 78207",1,2128415,13702727,2025-02-07,2026-02-07,78207
Health & Sanitation,1020284772,2025-04-24,2025-05-16,2025-06-24,YES,Human Services,Homeless Services,Homeless Encampment,Closed,Constituent Call,"126 MERIDA ST, SAN ANTONIO, 78207",5,2122261,13696046,2025-02-07,2026-02-07,78207
Health & Sanitation,1020289506,2025-04-28,2025-05-05,2025-04-29,NO,Metro Health,Food Establishments,General Sanitation (Food Contamination),Closed,Constituent Call,"1705 S ZARZAMORA ST, SAN ANTONIO, 78207",5,2118232,13696499,2025-02-07,2026-02-07,78207
Health & Sanitation,1020293646,2025-04-30,2025-05-07,2025-05-07,NO,Metro Health,Food Establishments,General Sanitation (Hygienic Practices),Closed,Constituent Call,"1901 W COMMERCE ST, SAN ANTONIO, 78207",5,2122657,13703245,2025-02-07,2026-02-07,78207
Health & Sanitation,1020299067,2025-05-03,2025-05-09,2025-05-07,NO,Metro Health,Food Establishments,General Sanitation (Hygienic Practices),Closed,Constituent Call,"Market Square,  514 W COMMERCE ST, SAN ANTONIO, 78207",1,2127825,13702560,2025-02-07,2026-02-07,78207
Health & Sanitation,1020300931,2025-05-05,2025-05-12,2025-05-07,NO,Metro Health,Facility License,Renewal / Invoice,Closed,Constituent Call,"1200 EL PASO ST, SAN ANTONIO, 78207",5,2123438,13700285,2025-02-07,2026-02-07,78207
Health & Sanitation,1020304737,2025-05-07,2025-05-29,2025-06-22,YES,Human Services,Homeless Services,Homeless Encampment,Closed,Constituent Call,"1810 S LAREDO ST, SAN ANTONIO, 78207",5,2123851,13697313,2025-02-07,2026-02-07,78207
Health & Sanitation,1020305516,2025-05-07,2025-05-14,2025-05-09,NO,Metro Health,Food Establishments,General Sanitation (Hygienic Practices),Closed,Constituent Call,"827 S ZARZAMORA ST, SAN ANTONIO, 78207",5,2118678,13700533,2025-02-07,2026-02-07,78207
Health & Sanitation,1020306168,2025-05-08,2025-05-30,2025-06-22,YES,Human Services,Homeless Services,Homeless Encampment,Closed,Constituent Call,"Garcia Park,  1200 N FRIO ST, SAN ANTONIO, 78207",5,2125820,13707124,2025-02-07,2026-02-07,78207
Health & Sanitation,1020308738,2025-05-09,2025-05-16,2025-05-09,NO,Metro Health,Facility License,Renewal / Invoice,Closed,Constituent Call,"1718 S BRAZOS ST, SAN ANTONIO, 78207",5,2122866,13696419,2025-02-07,2026-02-07,78207
Health & Sanitation,1020309508,2025-05-09,2025-06-03,2025-06-25,YES,Human Services,Homeless Services,Homeless Encampment,Closed,Constituent Call,"1009 MONTEZUMA, SAN ANTONIO, 78207",5,2119670,13700182,2025-02-07,2026-02-07,78207
Health & Sanitation,1020314896,2025-05-14,2025-05-20,2025-05-19,NO,Metro Health,Food Establishments,General Sanitation (Pests),Closed,Constituent Call,"1 HAVEN FOR HOPE WAY, SAN ANTONIO, 78207",5,2125765,13705268,2025-02-07,2026-02-07,78207
Health & Sanitation,1020319775,2025-05-16,2025-05-22,2025-05-20,NO,Metro Health,Food Establishments,General Sanitation (Sanitary Conditions),Closed,Constituent Call,"703 N ZARZAMORA ST, SAN ANTONIO, 78207",5,2119224,13705847,2025-02-07,2026-02-07,78207
Health & Sanitation,1020320162,2025-05-16,2025-05-23,2025-05-16,NO,Metro Health,Facility License,Renewal / Invoice,Closed,Constituent Call,"1901 S SAN MARCOS, SAN ANTONIO, 78207",5,2123847,13695417,2025-02-07,2026-02-07,78207
Health & Sanitation,1020320361,2025-05-16,2025-06-09,2025-06-22,YES,Human Services,Homeless Services,Homeless Encampment,Closed,Constituent Call,"121 N ZARZAMORA ST, SAN ANTONIO, 78207",5,2119041,13703760,2025-02-07,2026-02-07,78207
Health & Sanitation,1020328972,2025-05-22,2025-05-29,2025-05-23,NO,Metro Health,Food Establishments,General Sanitation (Food Contamination),Closed,Constituent Call,"430 S SANTA ROSA, SAN ANTONIO, 78207",1,2128324,13700975,2025-02-07,2026-02-07,78207
Health & Sanitation,1020329704,2025-05-22,2025-06-13,2025-07-24,YES,Human Services,Homeless Services,Homeless Encampment,Closed,Constituent Call,"3134 COLIMA ST, SAN ANTONIO, 78207",5,2115344,13700210,2025-02-07,2026-02-07,78207
Health & Sanitation,1020333249,2025-05-24,2025-06-17,2025-06-26,YES,Human Services,Homeless Services,Homeless Encampment,Closed,Constituent Call,"Martinez Park,  249 MERIDA ST, SAN ANTONIO, 78207",5,2121344,13696321,2025-02-07,2026-02-07,78207
Health & Sanitation,1020335087,2025-05-27,2025-06-02,2025-05-29,NO,Metro Health,Food Establishments,General Sanitation (Sanitary Conditions),Closed,Constituent Call,"1901 W COMMERCE ST, SAN ANTONIO, 78207",5,2122657,13703245,2025-02-07,2026-02-07,78207
Health & Sanitation,1020335842,2025-05-27,2025-06-02,2025-05-29,NO,Metro Health,Food Establishments,General Sanitation (Hygienic Practices),Closed,Constituent Call,"1025 S FRIO ST, SAN ANTONIO, 78207",5,2125847,13699030,2025-02-07,2026-02-07,78207
Health & Sanitation,1020342790,2025-05-30,2025-06-05,2025-06-02,NO,Metro Health,Vector,Vector Public Right of Way,Closed,Constituent Call,"142 MICKLEJOHN ST, SAN ANTONIO, 78207",1,2120553,13708530,2025-02-07,2026-02-07,78207
Health & Sanitation,1020347099,2025-06-02,2025-06-25,2025-06-25,YES,Human Services,Homeless Services,Homeless Encampment,Closed,Constituent Call,"613 TORREON, SAN ANTONIO, 78207",5,2121513,13700778,2025-02-07,2026-02-07,78207
Health & Sanitation,1020347782,2025-06-03,2025-06-25,,YES,Human Services,Homeless Services,Homeless Outreach,Open,Constituent Call,"Market Square,  514 W COMMERCE ST, SAN ANTONIO, 78207",1,2127825,13702560,2025-02-07,2026-02-07,78207
Health & Sanitation,1020349041,2025-06-03,2025-06-25,2025-06-30,YES,Human Services,Homeless Services,Homeless Encampment,Closed,Constituent Call,"1539 RUIZ ST, SAN ANTONIO, 78207",5,2118759,13706687,2025-02-07,2026-02-07,78207
Health & Sanitation,1020350432,2025-06-04,2025-06-26,,YES,Human Services,Homeless Services,Homeless Outreach,Open,Constituent Call,"2800 MORALES, SAN ANTONIO, 78207",5,2117770,13705544,2025-02-07,2026-02-07,78207
Health & Sanitation,1020354870,2025-06-06,2025-06-12,2025-06-11,NO,Metro Health,Vector,Vector Public Right of Way,Closed,Constituent Call,"415 PATTON BLVD, SAN ANTONIO, 78207",5,2112910,13695726,2025-02-07,2026-02-07,78207
Health & Sanitation,1020355282,2025-06-06,2025-07-01,2025-06-30,NO,Human Services,Homeless Services,Homeless Encampment,Closed,Constituent Call,"2206 EL PASO ST, SAN ANTONIO, 78207",5,2119749,13700643,2025-02-07,2026-02-07,78207
Health & Sanitation,1020359482,2025-06-10,2025-06-16,2025-06-12,NO,Metro Health,Food Establishments,General Sanitation (Pests),Closed,Constituent Call,"3515 W COMMERCE ST, SAN ANTONIO, 78207",5,2115944,13703921,2025-02-07,2026-02-07,78207
Health & Sanitation,1020362601,2025-06-11,2025-07-03,2025-07-24,YES,Human Services,Homeless Services,Homeless Encampment,Closed,Constituent Call,"806 DELGADO ST, SAN ANTONIO, 78207",5,2122201,13706959,2025-02-07,2026-02-07,78207
Health & Sanitation,1020362626,2025-06-11,2025-06-17,2025-06-13,NO,Metro Health,Food Establishments,General Sanitation (Sanitary Conditions),Closed,Constituent Call,"821 W COMMERCE ST, SAN ANTONIO, 78207",5,2126548,13702866,2025-02-07,2026-02-07,78207
Health & Sanitation,1020373613,2025-06-17,2025-06-24,2025-06-18,NO,Metro Health,Food Establishments,General Sanitation (Ventilation),Closed,Constituent Call,"4010 W COMMERCE ST, SAN ANTONIO, 78207",5,2113897,13703868,2025-02-07,2026-02-07,78207
Health & Sanitation,1020375241,2025-06-18,2025-06-26,2025-06-20,NO,Metro Health,Facility License,Renewal / Invoice,Closed,Constituent Call,"201 BRADY BLVD, SAN ANTONIO, 78207",5,2119917,13694107,2025-02-07,2026-02-07,78207
Health & Sanitation,1020377848,2025-06-20,2025-06-26,2025-06-25,NO,Metro Health,Food Establishments,General Sanitation (Hygienic Practices),Closed,Constituent Call,"827 S ZARZAMORA ST, SAN ANTONIO, 78207",5,2118678,13700533,2025-02-07,2026-02-07,78207
Health & Sanitation,1020385891,2025-06-25,2025-07-01,2025-06-26,NO,Metro Health,Vector,Vector Public Right of Way,Closed,Constituent Call,"1219 PEREZ, SAN ANTONIO, 78207",5,2122249,13705493,2025-02-07,2026-02-07,78207
Health & Sanitation,1020387201,2025-06-25,2025-07-17,2025-09-20,YES,Human Services,Homeless Services,Homeless Encampment,Closed,Constituent Call,"2411 POTOSI ST, SAN ANTONIO, 78207",5,2115447,13698826,2025-02-07,2026-02-07,78207
Health & Sanitation,1020388462,2025-06-26,2025-07-02,2025-06-27,NO,Metro Health,Food Establishments,General Sanitation (Pests),Closed,Constituent Call,"Market Square,  514 W COMMERCE ST, SAN ANTONIO, 78207",1,2127825,13702560,2025-02-07,2026-02-07,78207
Health & Sanitation,1020392895,2025-06-30,2025-07-22,2025-09-22,YES,Human Services,Homeless Services,Homeless Encampment,Closed,Constituent Call,"John Tobin Park,  1900 W MARTIN ST, SAN ANTONIO, 78207",5,2123333,13704456,2025-02-07,2026-02-07,78207
Health & Sanitation,1020395097,2025-07-01,2025-07-08,2025-07-02,NO,Metro Health,Vector,Vector Public Right of Way,Closed,Constituent Call,"619 SAN PATRICIO, SAN ANTONIO, 78207",5,2120995,13699682,2025-02-07,2026-02-07,78207
Health & Sanitation,1020421193,2025-07-17,2025-07-23,2025-07-22,NO,Metro Health,Vector,Vector Public Right of Way,Closed,Constituent Call,"1411 MORALES, SAN ANTONIO, 78207",5,2122695,13705103,2025-02-07,2026-02-07,78207
Health & Sanitation,1020430977,2025-07-23,2025-07-30,2025-07-25,NO,Metro Health,Vector,Vector Public Right of Way,Closed,Constituent Call,"1407 POTOSI ST, SAN ANTONIO, 78207",5,2119117,13698492,2025-02-07,2026-02-07,78207
Health & Sanitation,1020434487,2025-07-26,2025-08-18,2025-09-20,YES,Human Services,Homeless Services,Homeless Encampment,Closed,Constituent Call,"2412 POTOSI ST, SAN ANTONIO, 78207",5,2115398,13698671,2025-02-07,2026-02-07,78207
Health & Sanitation,1020441153,2025-07-30,2025-08-20,2025-09-23,YES,Human Services,Homeless Services,Homeless Encampment,Closed,Constituent Call,"811 W HOUSTON ST, SAN ANTONIO, 78207",5,2126780,13703151,2025-02-07,2026-02-07,78207
Health & Sanitation,1020448445,2025-08-05,2025-08-26,2025-09-25,YES,Human Services,Homeless Services,Homeless Encampment,Closed,Constituent Call,"2206 EL PASO ST, SAN ANTONIO, 78207",5,2119749,13700643,2025-02-07,2026-02-07,78207
Health & Sanitation,1020456080,2025-08-09,2025-08-15,2025-08-13,NO,Metro Health,Food Establishments,Food Sales Without Permit,Closed,Constituent Call,"1223 S HAMILTON AVE, SAN ANTONIO, 78207",5,2117073,13699145,2025-02-07,2026-02-07,78207
Health & Sanitation,1020462013,2025-08-13,2025-09-04,2025-09-23,YES,Human Services,Homeless Services,Homeless Encampment,Closed,Constituent Call,"315 HENRY ST, SAN ANTONIO, 78207",1,2117861,13709314,2025-02-07,2026-02-07,78207
Health & Sanitation,1020468272,2025-08-18,2025-09-09,2025-09-24,YES,Human Services,Homeless Services,Homeless Encampment,Closed,Constituent Call,"407 N CALAVERAS, SAN ANTONIO, 78207",5,2119792,13704592,2025-02-07,2026-02-07,78207
Health & Sanitation,1020472484,2025-08-20,2025-08-26,2025-08-26,NO,Metro Health,Food Establishments,General Sanitation (Hygienic Practices),Closed,Constituent Call,"2618 S ZARZAMORA ST, SAN ANTONIO, 78207",5,2118067,13692534,2025-02-07,2026-02-07,78207
Health & Sanitation,1020478458,2025-08-24,2025-09-16,2025-09-20,YES,Human Services,Homeless Services,Homeless Encampment,Closed,Constituent Call,"911 S CHUPADERAS, SAN ANTONIO, 78207",5,2119768,13700160,2025-02-07,2026-02-07,78207
Health & Sanitation,1020478459,2025-08-24,2025-09-16,2025-09-25,YES,Human Services,Homeless Services,Homeless Encampment,Closed,Constituent Call,"2200 GUADALUPE ST, SAN ANTONIO, 78207",5,2119761,13700249,2025-02-07,2026-02-07,78207
Health & Sanitation,1020479500,2025-08-25,2025-09-02,2025-08-25,NO,Metro Health,Facility License,Renewal / Invoice,Closed,Constituent Call,"200 N COMAL ST, SAN ANTONIO, 78207",5,2125525,13703620,2025-02-07,2026-02-07,78207
Health & Sanitation,1020479702,2025-08-25,2025-09-16,2025-09-23,YES,Human Services,Homeless Services,Homeless Encampment,Closed,Constituent Call,"1603 BARCLAY ST, SAN ANTONIO, 78207",5,2113496,13693065,2025-02-07,2026-02-07,78207
Health & Sanitation,1020481344,2025-08-26,2025-09-02,2025-08-28,NO,Metro Health,Food Establishments,General Sanitation (Pests),Closed,Constituent Call,"1502 N ZARZAMORA ST, SAN ANTONIO, 78207",1,2119699,13708921,2025-02-07,2026-02-07,78207
Health & Sanitation,1020481929,2025-08-26,2025-09-17,2025-09-15,NO,Human Services,Homeless Services,Homeless Encampment,Closed,Constituent Call,"613 TORREON, SAN ANTONIO, 78207",5,2121513,13700778,2025-02-07,2026-02-07,78207
Health & Sanitation,1020485373,2025-08-28,2025-09-19,2025-09-24,YES,Human Services,Homeless Services,Homeless Encampment,Closed,Constituent Call,"619 ELVIRA ST, SAN ANTONIO, 78207",5,2120320,13700505,2025-02-07,2026-02-07,78207
Health & Sanitation,1020488751,2025-08-31,2025-09-08,2025-09-02,NO,Metro Health,Food Establishments,General Sanitation (Sanitary Conditions),Closed,Constituent Call,"300 N ZARZAMORA ST, SAN ANTONIO, 78207",5,2119233,13704239,2025-02-07,2026-02-07,78207
Health & Sanitation,1020491857,2025-09-02,2025-09-08,2025-09-03,NO,Metro Health,Food Establishments,General Sanitation (Sanitary Conditions),Closed,Constituent Call,"821 W COMMERCE ST, SAN ANTONIO, 78207",5,2126548,13702866,2025-02-07,2026-02-07,78207
Health & Sanitation,1020493986,2025-09-03,2025-09-24,2025-09-20,NO,Human Services,Homeless Services,Homeless Encampment,Closed,Constituent Call,"John Tobin Park,  1900 W MARTIN ST, SAN ANTONIO, 78207",5,2123333,13704456,2025-02-07,2026-02-07,78207
Health & Sanitation,1020493991,2025-09-03,2025-09-24,2025-09-25,YES,Human Services,Homeless Services,Homeless Encampment,Closed,Constituent Call,"2007 W MARTIN ST, SAN ANTONIO, 78207",5,2123075,13704670,2025-02-07,2026-02-07,78207
Health & Sanitation,1020496566,2025-09-04,2025-09-26,2025-09-12,NO,Human Services,Homeless Services,Homeless Encampment,Closed,Constituent Call,"613 TORREON, SAN ANTONIO, 78207",5,2121513,13700778,2025-02-07,2026-02-07,78207
Health & Sanitation,1020506181,2025-09-11,2025-10-02,2025-09-24,NO,Human Services,Homeless Services,Homeless Encampment,Closed,Constituent Call,"2218 CHIHUAHUA ST, SAN ANTONIO, 78207",5,2118011,13699297,2025-02-07,2026-02-07,78207
Health & Sanitation,1020511057,2025-09-15,2025-10-06,,YES,Human Services,Homeless Services,Homeless Encampment,Open,Constituent Call,"John Tobin Park,  1900 W MARTIN ST, SAN ANTONIO, 78207",5,2123333,13704456,2025-02-07,2026-02-07,78207
Health & Sanitation,1020512602,2025-09-16,2025-09-22,2025-09-18,NO,Metro Health,Food Establishments,General Sanitation (Sanitary Conditions),Closed,Constituent Call,"1 HAVEN FOR HOPE WAY, SAN ANTONIO, 78207",5,2125765,13705268,2025-02-07,2026-02-07,78207
Health & Sanitation,1020512661,2025-09-16,2025-10-07,,YES,Human Services,Homeless Services,Homeless Encampment,Open,Constituent Call,"813 S CIBOLO ST, SAN ANTONIO, 78207",5,2120516,13700380,2025-02-07,2026-02-07,78207
Health & Sanitation,1020512682,2025-09-16,2025-10-07,2025-11-24,YES,Human Services,Homeless Services,Homeless Encampment,Closed,Constituent Call,"1303 ARBOR PLACE, SAN ANTONIO, 78207",5,2119007,13707013,2025-02-07,2026-02-07,78207
Health & Sanitation,1020513148,2025-09-16,2025-10-07,,YES,Human Services,Homeless Services,Homeless Encampment,Open,Constituent Call,"1327 COLIMA ST, SAN ANTONIO, 78207",5,2121979,13699795,2025-02-07,2026-02-07,78207
Health & Sanitation,1020518151,2025-09-19,2025-09-25,2025-09-23,NO,Metro Health,Food Establishments,General Sanitation (Sanitary Conditions),Closed,Constituent Call,"550 RUIZ ST, SAN ANTONIO, 78207",5,2124503,13705933,2025-02-07,2026-02-07,78207
Health & Sanitation,1020518313,2025-09-19,2025-10-10,2025-10-30,YES,Human Services,Homeless Services,Homeless Encampment,Closed,Constituent Call,"2919 S LAREDO ST, SAN ANTONIO, 78207",5,2117633,13698261,2025-02-07,2026-02-07,78207
Health & Sanitation,1020521070,2025-09-22,2025-10-13,2025-12-01,YES,Human Services,Homeless Services,Homeless Encampment,Closed,Constituent Call,"700 RUIZ ST, SAN ANTONIO, 78207",5,2123669,13706037,2025-02-07,2026-02-07,78207
Health & Sanitation,1020522653,2025-09-23,2025-10-14,,YES,Human Services,Homeless Services,Homeless Encampment,Open,Constituent Call,"403 N ROSILLO, SAN ANTONIO, 78207",5,2119471,13704605,2025-02-07,2026-02-07,78207
Health & Sanitation,1020522658,2025-09-23,2025-10-14,2025-10-30,YES,Human Services,Homeless Services,Homeless Encampment,Closed,Constituent Call,"403 N ROSILLO, SAN ANTONIO, 78207",5,2119471,13704605,2025-02-07,2026-02-07,78207
Health & Sanitation,1020523501,2025-09-23,2025-09-29,2025-09-25,NO,Metro Health,Food Establishments,General Sanitation (Food Contamination),Closed,Constituent Call,"1606 S HAMILTON AVE, SAN ANTONIO, 78207",5,2117050,13697350,2025-02-07,2026-02-07,78207
Health & Sanitation,1020525809,2025-09-25,2025-10-01,2025-09-26,NO,Metro Health,Food Establishments,General Sanitation (Food Contamination),Closed,Constituent Call,"1802 S ZARZAMORA ST, SAN ANTONIO, 78207",5,2118433,13696039,2025-02-07,2026-02-07,78207
Health & Sanitation,1020530118,2025-09-28,2025-10-03,,YES,Metro Health,Food Establishments,General Sanitation (Ventilation),Open,Constituent Call,"1011 N FRIO ST, SAN ANTONIO, 78207",5,2125418,13706507,2025-02-07,2026-02-07,78207
Health & Sanitation,1020533073,2025-09-30,2025-10-07,2025-09-30,NO,Metro Health,Facility License,Renewal / Invoice,Closed,Constituent Call,"1500 S ZARZAMORA ST, SAN ANTONIO, 78207",5,2119121,13697583,2025-02-07,2026-02-07,78207
Health & Sanitation,1020533644,2025-09-30,2025-10-22,2025-10-30,YES,Human Services,Homeless Services,Homeless Encampment,Closed,Constituent Call,"900 W HOUSTON ST, SAN ANTONIO, 78207",5,2126407,13703039,2025-02-07,2026-02-07,78207
Health & Sanitation,1020533777,2025-09-30,2025-10-08,2025-10-01,NO,Metro Health,Facility License,Renewal / Invoice,Closed,Constituent Call,"333 N SANTA ROSA, SAN ANTONIO, 78207",1,2128026,13703624,2025-02-07,2026-02-07,78207
Health & Sanitation,1020533986,2025-10-01,2025-10-08,2025-10-01,NO,Metro Health,Facility License,Renewal / Invoice,Closed,Constituent Call,"1631 S LAREDO ST, SAN ANTONIO, 78207",5,2124427,13697594,2025-02-07,2026-02-07,78207
Health & Sanitation,1020534696,2025-10-01,2025-10-08,2025-10-02,NO,Metro Health,Facility License,Renewal / Invoice,Closed,Constituent Call,"3001 GUADALUPE ST, SAN ANTONIO, 78207",5,2116909,13700693,2025-02-07,2026-02-07,78207
Health & Sanitation,1020538091,2025-10-03,2025-10-10,2025-10-03,NO,Metro Health,Facility License,Renewal / Invoice,Closed,Constituent Call,"3202 GUADALUPE ST, SAN ANTONIO, 78207",5,2116137,13700614,2025-02-07,2026-02-07,78207
Health & Sanitation,1020540902,2025-10-06,2025-10-13,2025-10-06,NO,Metro Health,Facility License,Renewal / Invoice,Closed,Constituent Call,"2106 S ZARZAMORA ST, SAN ANTONIO, 78207",5,2118131,13694117,2025-02-07,2026-02-07,78207
Health & Sanitation,1020544696,2025-10-08,2025-10-29,,YES,Human Services,Homeless Services,Homeless Outreach,Open,Constituent Call,"1424 GUADALUPE ST, SAN ANTONIO, 78207",5,2122417,13699978,2025-02-07,2026-02-07,78207
Health & Sanitation,1020548471,2025-10-10,2025-10-31,,YES,Human Services,Homeless Services,Homeless Encampment,Open,Constituent Call,"1701 W SALINAS, SAN ANTONIO, 78207",5,2123852,13704144,2025-02-07,2026-02-07,78207
Health & Sanitation,1020550849,2025-10-13,2025-11-03,,YES,Human Services,Homeless Services,Homeless Encampment,Open,Constituent Call,"116 GRENET, SAN ANTONIO, 78207",5,2124507,13701897,2025-02-07,2026-02-07,78207
Health & Sanitation,1020559898,2025-10-19,2025-11-10,2025-10-30,NO,Human Services,Homeless Services,Homeless Encampment,Closed,Constituent Call,"Elmendorf Lake Park,  3700 W COMMERCE ST, SAN ANTONIO, 78207",5,2114877,13703847,2025-02-07,2026-02-07,78207
Health & Sanitation,1020559935,2025-10-19,2025-10-24,2025-10-21,NO,Metro Health,Food Establishments,General Sanitation (Pests),Closed,Constituent Call,"2116 GUADALUPE ST, SAN ANTONIO, 78207",5,2119940,13700195,2025-02-07,2026-02-07,78207
Health & Sanitation,1020560326,2025-10-20,2025-10-27,2025-10-20,NO,Metro Health,Facility License,Renewal / Invoice,Closed,Constituent Call,"1500 S ZARZAMORA ST, SAN ANTONIO, 78207",5,2119121,13697583,2025-02-07,2026-02-07,78207
Health & Sanitation,1020563700,2025-10-21,2025-11-12,2025-10-30,NO,Human Services,Homeless Services,Homeless Encampment,Closed,Constituent Call,"2910 W MARTIN ST, SAN ANTONIO, 78207",5,2119745,13704822,2025-02-07,2026-02-07,78207
Health & Sanitation,1020571025,2025-10-27,2025-10-31,2025-10-29,NO,Metro Health,Food Establishments,General Sanitation (Food Contact Surfaces),Closed,Constituent Call,"1 HAVEN FOR HOPE WAY, SAN ANTONIO, 78207",5,2125765,13705268,2025-02-07,2026-02-07,78207
Health & Sanitation,1020573272,2025-10-28,2025-11-03,2025-10-31,NO,Metro Health,Food Establishments,Food Illness(Food Borne Illness),Closed,Constituent Call,"427 LOMBRANO ST, SAN ANTONIO, 78207",1,2124335,13708513,2025-02-07,2026-02-07,78207
Health & Sanitation,1020574746,2025-10-29,2025-11-04,2025-10-31,NO,Metro Health,Food Establishments,General Sanitation (Sanitary Conditions),Closed,Constituent Call,"901 NW 24TH ST, SAN ANTONIO, 78207",5,2114355,13707088,2025-02-07,2026-02-07,78207
Health & Sanitation,1020582469,2025-11-04,2025-11-26,,YES,Human Services,Homeless Services,Homeless Encampment,Open,Constituent Call,"807 S CHUPADERAS, SAN ANTONIO, 78207",5,2119790,13700560,2025-02-07,2026-02-07,78207
Health & Sanitation,1020582483,2025-11-04,2025-11-26,2025-11-24,NO,Human Services,Homeless Services,Homeless Encampment,Closed,Constituent Call,"809 S CHUPADERAS, SAN ANTONIO, 78207",5,2119818,13700557,2025-02-07,2026-02-07,78207
Health & Sanitation,1020583075,2025-11-04,2025-11-10,2025-11-07,NO,Metro Health,Food Establishments,General Sanitation (Food Contamination),Closed,Constituent Call,"1410 GUADALUPE ST, SAN ANTONIO, 78207",5,2122565,13699951,2025-02-07,2026-02-07,78207
Health & Sanitation,1020585156,2025-11-05,2025-11-12,2025-11-06,NO,Metro Health,Food Establishments,General Sanitation (Pests),Closed,Constituent Call,"903 S ZARZAMORA ST, SAN ANTONIO, 78207",5,2118629,13700322,2025-02-07,2026-02-07,78207
Health & Sanitation,1020586578,2025-11-06,2025-12-02,,YES,Human Services,Homeless Services,Homeless Encampment,Open,Constituent Call,"1225 S BRAZOS ST, SAN ANTONIO, 78207",5,2122819,13698534,2025-02-07,2026-02-07,78207
Health & Sanitation,1020595147,2025-11-13,2025-11-19,2025-11-21,YES,Metro Health,Food Establishments,General Sanitation (Food Contamination),Closed,Constituent Call,"311 N ZARZAMORA ST, SAN ANTONIO, 78207",5,2119042,13704412,2025-02-07,2026-02-07,78207
Health & Sanitation,1020595479,2025-11-13,2025-12-08,,YES,Human Services,Homeless Services,Homeless Encampment,Open,Constituent Call,"2821 GUADALUPE ST, SAN ANTONIO, 78207",5,2117612,13700642,2025-02-07,2026-02-07,78207
Health & Sanitation,1020596461,2025-11-14,2025-11-20,2025-11-17,NO,Metro Health,Food Establishments,Food Sales Without Permit,Closed,Constituent Call,"1818 S ZARZAMORA ST, SAN ANTONIO, 78207",5,2118361,13695917,2025-02-07,2026-02-07,78207
Health & Sanitation,1020601221,2025-11-18,2025-12-11,,YES,Human Services,Homeless Services,Homeless Encampment,Open,Constituent Call,"114 S PINTO ST, SAN ANTONIO, 78207",5,2122369,13702955,2025-02-07,2026-02-07,78207
Health & Sanitation,1020603243,2025-11-19,2025-12-12,,YES,Human Services,Homeless Services,Homeless Encampment,Open,Constituent Call,"2919 S LAREDO ST, SAN ANTONIO, 78207",5,2117633,13698261,2025-02-07,2026-02-07,78207
Health & Sanitation,1020603984,2025-11-19,2025-12-15,2025-11-24,NO,Human Services,Homeless Services,Homeless Encampment,Closed,Constituent Call,"1314 W COMMERCE ST, SAN ANTONIO, 78207",5,2124659,13702849,2025-02-07,2026-02-07,78207
Health & Sanitation,1020613909,2025-11-27,2025-12-22,,YES,Human Services,Homeless Services,Homeless Encampment,Open,Constituent Call,"2402 SAUNDERS, SAN ANTONIO, 78207",5,2119620,13702183,2025-02-07,2026-02-07,78207
Health & Sanitation,1020619255,2025-12-02,2025-12-08,2025-12-05,NO,Metro Health,Food Establishments,Food Illness(Food Borne Illness),Closed,Constituent Call,"1 HAVEN FOR HOPE WAY, SAN ANTONIO, 78207",5,2125765,13705268,2025-02-07,2026-02-07,78207
Health & Sanitation,1020619305,2025-12-02,2025-12-08,2025-12-04,NO,Metro Health,Food Establishments,Food Illness(Food Borne Illness),Closed,Constituent Call,"502 W CESAR E CHAVEZ BLVD, SAN ANTONIO, 78207",5,2126478,13701384,2025-02-07,2026-02-07,78207
Health & Sanitation,1020619397,2025-12-02,2025-12-09,2025-12-04,NO,Metro Health,Food Establishments,General Sanitation (Sanitary Conditions),Closed,Constituent Call,"2800 GUADALUPE ST, SAN ANTONIO, 78207",5,2117760,13700450,2025-02-07,2026-02-07,78207
Health & Sanitation,1020621238,2025-12-03,2025-12-10,2025-12-05,NO,Metro Health,Food Establishments,General Sanitation (Sanitary Conditions),Closed,Constituent Call,"639 CERALVO ST, SAN ANTONIO, 78207",5,2118423,13695828,2025-02-07,2026-02-07,78207
Health & Sanitation,1020622127,2025-12-04,2025-12-11,2025-12-04,NO,Metro Health,Facility License,Renewal / Invoice,Closed,Constituent Call,"1752 W POPLAR ST, SAN ANTONIO, 78207",5,2121760,13707759,2025-02-07,2026-02-07,78207
Health & Sanitation,1020622206,2025-12-04,2025-12-11,2025-12-04,NO,Metro Health,Facility License,Renewal / Invoice,Closed,Constituent Call,"1752 W POPLAR ST, SAN ANTONIO, 78207",5,2121760,13707759,2025-02-07,2026-02-07,78207
Health & Sanitation,1020622415,2025-12-04,2025-12-10,2025-12-05,NO,Metro Health,Food Establishments,General Sanitation (Sanitary Conditions),Closed,Constituent Call,"1302 N TRINITY, SAN ANTONIO, 78207",1,2122555,13707852,2025-02-07,2026-02-07,78207
