category,metric_label,percent
EMPLOYMENT STATUS,Population 16 years and over,41256.0
EMPLOYMENT STATUS,In labor force,51.5
EMPLOYMENT STATUS,Civilian labor force,51.4
EMPLOYMENT STATUS,Employed,44.5
EMPLOYMENT STATUS,Unemployed,6.9
EMPLOYMENT STATUS,Armed Forces,0.1
EMPLOYMENT STATUS,Not in labor force,48.5
EMPLOYMENT STATUS,Civilian labor force,21206.0
EMPLOYMENT STATUS,Unemployment Rate,13.5
EMPLOYMENT STATUS,Females 16 years and over,18685.0
EMPLOYMENT STATUS,In labor force,49.4
EMPLOYMENT STATUS,Civilian labor force,49.4
EMPLOYMENT STATUS,Employed,43.5
EMPLOYMENT STATUS,Own children of the householder under 6 years,4692.0
EMPLOYMENT STATUS,All parents in family in labor force,52.3
EMPLOYMENT STATUS,Own children of the householder 6 to 17 years,9371.0
EMPLOYMENT STATUS,All parents in family in labor force,59.5
COMMUTING TO WORK,Workers 16 years and over,17677.0
COMMUTING TO WORK,"Car, truck, or van -- drove alone",62.2
COMMUTING TO WORK,"Car, truck, or van -- carpooled",19.2
COMMUTING TO WORK,Public transportation,9.0
COMMUTING TO WORK,Walked,3.7
COMMUTING TO WORK,Other means,2.2
COMMUTING TO WORK,Worked from home,3.8
OCCUPATION,Civilian employed population 16 years and over,18341.0
OCCUPATION,"Management, business, science, and arts occupations",15.1
OCCUPATION,Service occupations,30.9
OCCUPATION,Sales and office occupations,17.2
OCCUPATION,"Natural resources, construction, and maintenance occupations",18.7
OCCUPATION,"Production, transportation, and material moving occupations",18.1
INDUSTRY,Civilian employed population 16 years and over,18341.0
INDUSTRY,"Agriculture, forestry, fishing and hunting, and mining",0.1
INDUSTRY,Construction,16.0
INDUSTRY,Manufacturing,6.3
INDUSTRY,Wholesale trade,2.7
INDUSTRY,Retail trade,10.0
INDUSTRY,"Transportation and warehousing, and utilities",5.5
INDUSTRY,Information,0.9
INDUSTRY,"Finance and insurance, and real estate and rental and leasing",5.0
INDUSTRY,"Professional, scientific, and management, and administrative and waste management services",10.0
INDUSTRY,"Educational services, and health care and social assistance",18.3
INDUSTRY,"Arts, entertainment, and recreation, and accommodation and food services",16.6
INDUSTRY,"Other services, except public administration",5.4
INDUSTRY,Public administration,3.1
CLASS OF WORKER,Civilian employed population 16 years and over,18341.0
CLASS OF WORKER,Private wage and salary workers,82.4
CLASS OF WORKER,Government workers,10.3
CLASS OF WORKER,Self-employed in own not incorporated business workers,7.3
CLASS OF WORKER,Unpaid family workers,0.1
INCOME AND BENEFITS (IN 2024 INFLATION-ADJUSTED DOLLARS),Total households,16574.0
INCOME AND BENEFITS (IN 2024 INFLATION-ADJUSTED DOLLARS),"Less than $10,000",10.8
INCOME AND BENEFITS (IN 2024 INFLATION-ADJUSTED DOLLARS),"$10,000 to $14,999",12.1
INCOME AND BENEFITS (IN 2024 INFLATION-ADJUSTED DOLLARS),"$15,000 to $24,999",17.8
INCOME AND BENEFITS (IN 2024 INFLATION-ADJUSTED DOLLARS),"$25,000 to $34,999",13.4
INCOME AND BENEFITS (IN 2024 INFLATION-ADJUSTED DOLLARS),"$35,000 to $49,999",14.2
INCOME AND BENEFITS (IN 2024 INFLATION-ADJUSTED DOLLARS),"$50,000 to $74,999",14.0
INCOME AND BENEFITS (IN 2024 INFLATION-ADJUSTED DOLLARS),"$75,000 to $99,999",9.1
INCOME AND BENEFITS (IN 2024 INFLATION-ADJUSTED DOLLARS),"$100,000 to $149,999",6.8
INCOME AND BENEFITS (IN 2024 INFLATION-ADJUSTED DOLLARS),"$150,000 to $199,999",0.7
INCOME AND BENEFITS (IN 2024 INFLATION-ADJUSTED DOLLARS),"$200,000 or more",1.0
INCOME AND BENEFITS (IN 2024 INFLATION-ADJUSTED DOLLARS),With earnings,73.7
INCOME AND BENEFITS (IN 2024 INFLATION-ADJUSTED DOLLARS),With Social Security,31.4
INCOME AND BENEFITS (IN 2024 INFLATION-ADJUSTED DOLLARS),With retirement income,12.1
INCOME AND BENEFITS (IN 2024 INFLATION-ADJUSTED DOLLARS),With Supplemental Security Income,14.0
INCOME AND BENEFITS (IN 2024 INFLATION-ADJUSTED DOLLARS),With cash public assistance income,2.6
INCOME AND BENEFITS (IN 2024 INFLATION-ADJUSTED DOLLARS),With Food Stamp/SNAP benefits in the past 12 months,45.2
INCOME AND BENEFITS (IN 2024 INFLATION-ADJUSTED DOLLARS),Families,10448.0
INCOME AND BENEFITS (IN 2024 INFLATION-ADJUSTED DOLLARS),"Less than $10,000",11.4
INCOME AND BENEFITS (IN 2024 INFLATION-ADJUSTED DOLLARS),"$10,000 to $14,999",7.9
INCOME AND BENEFITS (IN 2024 INFLATION-ADJUSTED DOLLARS),"$15,000 to $24,999",15.0
INCOME AND BENEFITS (IN 2024 INFLATION-ADJUSTED DOLLARS),"$25,000 to $34,999",13.9
INCOME AND BENEFITS (IN 2024 INFLATION-ADJUSTED DOLLARS),"$35,000 to $49,999",15.6
INCOME AND BENEFITS (IN 2024 INFLATION-ADJUSTED DOLLARS),"$50,000 to $74,999",15.6
INCOME AND BENEFITS (IN 2024 INFLATION-ADJUSTED DOLLARS),"$75,000 to $99,999",11.4
INCOME AND BENEFITS (IN 2024 INFLATION-ADJUSTED DOLLARS),"$100,000 to $149,999",7.4
INCOME AND BENEFITS (IN 2024 INFLATION-ADJUSTED DOLLARS),"$150,000 to $199,999",0.9
INCOME AND BENEFITS (IN 2024 INFLATION-ADJUSTED DOLLARS),"$200,000 or more",0.9
INCOME AND BENEFITS (IN 2024 INFLATION-ADJUSTED DOLLARS),Nonfamily households,6126.0
HEALTH INSURANCE COVERAGE,Civilian noninstitutionalized population,51189.0
HEALTH INSURANCE COVERAGE,With health insurance coverage,72.9
HEALTH INSURANCE COVERAGE,With private health insurance,27.1
HEALTH INSURANCE COVERAGE,With public coverage,52.1
HEALTH INSURANCE COVERAGE,No health insurance coverage,27.1
HEALTH INSURANCE COVERAGE,Civilian noninstitutionalized population under 19 years,16361.0
HEALTH INSURANCE COVERAGE,No health insurance coverage,10.8
HEALTH INSURANCE COVERAGE,Civilian noninstitutionalized population 19 to 64 years,28753.0
HEALTH INSURANCE COVERAGE,In labor force:,19454.0
HEALTH INSURANCE COVERAGE,Employed:,16858.0
HEALTH INSURANCE COVERAGE,With health insurance coverage,59.9
HEALTH INSURANCE COVERAGE,With private health insurance,48.5
HEALTH INSURANCE COVERAGE,With public coverage,13.0
HEALTH INSURANCE COVERAGE,No health insurance coverage,40.1
HEALTH INSURANCE COVERAGE,Unemployed:,2596.0
HEALTH INSURANCE COVERAGE,With health insurance coverage,28.7
HEALTH INSURANCE COVERAGE,With private health insurance,13.3
HEALTH INSURANCE COVERAGE,With public coverage,18.8
HEALTH INSURANCE COVERAGE,No health insurance coverage,71.3
HEALTH INSURANCE COVERAGE,Not in labor force:,9299.0
HEALTH INSURANCE COVERAGE,With health insurance coverage,64.5
HEALTH INSURANCE COVERAGE,With private health insurance,15.5
HEALTH INSURANCE COVERAGE,With public coverage,53.4
HEALTH INSURANCE COVERAGE,No health insurance coverage,35.5
PERCENTAGE OF FAMILIES AND PEOPLE WHOSE INCOME IN THE PAST 12 MONTHS IS BELOW THE POVERTY LEVEL,All families,36.5
PERCENTAGE OF FAMILIES AND PEOPLE WHOSE INCOME IN THE PAST 12 MONTHS IS BELOW THE POVERTY LEVEL,With related children of the householder under 18 years,49.8
PERCENTAGE OF FAMILIES AND PEOPLE WHOSE INCOME IN THE PAST 12 MONTHS IS BELOW THE POVERTY LEVEL,With related children of the householder under 5 years only,33.2
PERCENTAGE OF FAMILIES AND PEOPLE WHOSE INCOME IN THE PAST 12 MONTHS IS BELOW THE POVERTY LEVEL,Married couple families,23.5
PERCENTAGE OF FAMILIES AND PEOPLE WHOSE INCOME IN THE PAST 12 MONTHS IS BELOW THE POVERTY LEVEL,With related children of the householder under 18 years,31.5
PERCENTAGE OF FAMILIES AND PEOPLE WHOSE INCOME IN THE PAST 12 MONTHS IS BELOW THE POVERTY LEVEL,With related children of the householder under 5 years only,32.6
PERCENTAGE OF FAMILIES AND PEOPLE WHOSE INCOME IN THE PAST 12 MONTHS IS BELOW THE POVERTY LEVEL,"Families with female householder, no spouse present",52.7
PERCENTAGE OF FAMILIES AND PEOPLE WHOSE INCOME IN THE PAST 12 MONTHS IS BELOW THE POVERTY LEVEL,With related children of the householder under 18 years,64.4
PERCENTAGE OF FAMILIES AND PEOPLE WHOSE INCOME IN THE PAST 12 MONTHS IS BELOW THE POVERTY LEVEL,With related children of the householder under 5 years only,38.0
PERCENTAGE OF FAMILIES AND PEOPLE WHOSE INCOME IN THE PAST 12 MONTHS IS BELOW THE POVERTY LEVEL,All people,42.2
PERCENTAGE OF FAMILIES AND PEOPLE WHOSE INCOME IN THE PAST 12 MONTHS IS BELOW THE POVERTY LEVEL,Under 18 years,59.3
PERCENTAGE OF FAMILIES AND PEOPLE WHOSE INCOME IN THE PAST 12 MONTHS IS BELOW THE POVERTY LEVEL,Related children of the householder under 18 years,59.1
PERCENTAGE OF FAMILIES AND PEOPLE WHOSE INCOME IN THE PAST 12 MONTHS IS BELOW THE POVERTY LEVEL,Related children of the householder under 5 years,63.9
PERCENTAGE OF FAMILIES AND PEOPLE WHOSE INCOME IN THE PAST 12 MONTHS IS BELOW THE POVERTY LEVEL,Related children of the householder 5 to 17 years,57.2
PERCENTAGE OF FAMILIES AND PEOPLE WHOSE INCOME IN THE PAST 12 MONTHS IS BELOW THE POVERTY LEVEL,18 years and over,35.2
PERCENTAGE OF FAMILIES AND PEOPLE WHOSE INCOME IN THE PAST 12 MONTHS IS BELOW THE POVERTY LEVEL,18 to 64 years,37.1
PERCENTAGE OF FAMILIES AND PEOPLE WHOSE INCOME IN THE PAST 12 MONTHS IS BELOW THE POVERTY LEVEL,65 years and over,26.0
PERCENTAGE OF FAMILIES AND PEOPLE WHOSE INCOME IN THE PAST 12 MONTHS IS BELOW THE POVERTY LEVEL,People in families,41.4
PERCENTAGE OF FAMILIES AND PEOPLE WHOSE INCOME IN THE PAST 12 MONTHS IS BELOW THE POVERTY LEVEL,Unrelated individuals 15 years and over,45.2
