date,year,month,unemployment_rate,geography,source,zip_code,text_description
1990-01-01,1990,1,7.0,San Antonio–New Braunfels MSA (Bexar County),FRED: TXBEXA9URN,78207,"The unemployment rate for San Antonio-New Braunfels MSA (Bexar County, TX) in January 1990 was 7.0%. (FRED: TXBEXA9URN)"
1990-02-01,1990,2,7.1,San Antonio–New Braunfels MSA (Bexar County),FRED: TXBEXA9URN,78207,"The unemployment rate for San Antonio-New Braunfels MSA (Bexar County, TX) in February 1990 was 7.1%. (FRED: TXBEXA9URN)"
1990-03-01,1990,3,6.7,San Antonio–New Braunfels MSA (Bexar County),FRED: TXBEXA9URN,78207,"The unemployment rate for San Antonio-New Braunfels MSA (Bexar County, TX) in March 1990 was 6.7%. (FRED: TXBEXA9URN)"
1990-04-01,1990,4,6.7,San Antonio–New Braunfels MSA (Bexar County),FRED: TXBEXA9URN,78207,"The unemployment rate for San Antonio-New Braunfels MSA (Bexar County, TX) in April 1990 was 6.7%. (FRED: TXBEXA9URN)"
1990-05-01,1990,5,7.2,San Antonio–New Braunfels MSA (Bexar County),FRED: TXBEXA9URN,78207,"The unemployment rate for San Antonio-New Braunfels MSA (Bexar County, TX) in May 1990 was 7.2%. (FRED: TXBEXA9URN)"
1990-06-01,1990,6,7.7,San Antonio–New Braunfels MSA (Bexar County),FRED: TXBEXA9URN,78207,"The unemployment rate for San Antonio-New Braunfels MSA (Bexar County, TX) in June 1990 was 7.7%. (FRED: TXBEXA9URN)"
1990-07-01,1990,7,7.8,San Antonio–New Braunfels MSA (Bexar County),FRED: TXBEXA9URN,78207,"The unemployment rate for San Antonio-New Braunfels MSA (Bexar County, TX) in July 1990 was 7.8%. (FRED: TXBEXA9URN)"
1990-08-01,1990,8,7.8,San Antonio–New Braunfels MSA (Bexar County),FRED: TXBEXA9URN,78207,"The unemployment rate for San Antonio-New Braunfels MSA (Bexar County, TX) in August 1990 was 7.8%. (FRED: TXBEXA9URN)"
1990-09-01,1990,9,7.9,San Antonio–New Braunfels MSA (Bexar County),FRED: TXBEXA9URN,78207,"The unemployment rate for San Antonio-New Braunfels MSA (Bexar County, TX) in September 1990 was 7.9%. (FRED: TXBEXA9URN)"
1990-10-01,1990,10,7.2,San Antonio–New Braunfels MSA (Bexar County),FRED: TXBEXA9URN,78207,"The unemployment rate for San Antonio-New Braunfels MSA (Bexar County, TX) in October 1990 was 7.2%. (FRED: TXBEXA9URN)"
1990-11-01,1990,11,7.6,San Antonio–New Braunfels MSA (Bexar County),FRED: TXBEXA9URN,78207,"The unemployment rate for San Antonio-New Braunfels MSA (Bexar County, TX) in November 1990 was 7.6%. (FRED: TXBEXA9URN)"
1990-12-01,1990,12,7.4,San Antonio–New Braunfels MSA (Bexar County),FRED: TXBEXA9URN,78207,"The unemployment rate for San Antonio-New Braunfels MSA (Bexar County, TX) in December 1990 was 7.4%. (FRED: TXBEXA9URN)"
1991-01-01,1991,1,8.0,San Antonio–New Braunfels MSA (Bexar County),FRED: TXBEXA9URN,78207,"The unemployment rate for San Antonio-New Braunfels MSA (Bexar County, TX) in January 1991 was 8.0%. (FRED: TXBEXA9URN)"
1991-02-01,1991,2,7.4,San Antonio–New Braunfels MSA (Bexar County),FRED: TXBEXA9URN,78207,"The unemployment rate for San Antonio-New Braunfels MSA (Bexar County, TX) in February 1991 was 7.4%. (FRED: TXBEXA9URN)"
1991-03-01,1991,3,7.1,San Antonio–New Braunfels MSA (Bexar County),FRED: TXBEXA9URN,78207,"The unemployment rate for San Antonio-New Braunfels MSA (Bexar County, TX) in March 1991 was 7.1%. (FRED: TXBEXA9URN)"
1991-04-01,1991,4,6.8,San Antonio–New Braunfels MSA (Bexar County),FRED: TXBEXA9URN,78207,"The unemployment rate for San Antonio-New Braunfels MSA (Bexar County, TX) in April 1991 was 6.8%. (FRED: TXBEXA9URN)"
1991-05-01,1991,5,6.8,San Antonio–New Braunfels MSA (Bexar County),FRED: TXBEXA9URN,78207,"The unemployment rate for San Antonio-New Braunfels MSA (Bexar County, TX) in May 1991 was 6.8%. (FRED: TXBEXA9URN)"
1991-06-01,1991,6,7.4,San Antonio–New Braunfels MSA (Bexar County),FRED: TXBEXA9URN,78207,"The unemployment rate for San Antonio-New Braunfels MSA (Bexar County, TX) in June 1991 was 7.4%. (FRED: TXBEXA9URN)"
1991-07-01,1991,7,7.1,San Antonio–New Braunfels MSA (Bexar County),FRED: TXBEXA9URN,78207,"The unemployment rate for San Antonio-New Braunfels MSA (Bexar County, TX) in July 1991 was 7.1%. (FRED: TXBEXA9URN)"
1991-08-01,1991,8,6.8,San Antonio–New Braunfels MSA (Bexar County),FRED: TXBEXA9URN,78207,"The unemployment rate for San Antonio-New Braunfels MSA (Bexar County, TX) in August 1991 was 6.8%. (FRED: TXBEXA9URN)"
1991-09-01,1991,9,6.5,San Antonio–New Braunfels MSA (Bexar County),FRED: TXBEXA9URN,78207,"The unemployment rate for San Antonio-New Braunfels MSA (Bexar County, TX) in September 1991 was 6.5%. (FRED: TXBEXA9URN)"
1991-10-01,1991,10,6.5,San Antonio–New Braunfels MSA (Bexar County),FRED: TXBEXA9URN,78207,"The unemployment rate for San Antonio-New Braunfels MSA (Bexar County, TX) in October 1991 was 6.5%. (FRED: TXBEXA9URN)"
1991-11-01,1991,11,6.4,San Antonio–New Braunfels MSA (Bexar County),FRED: TXBEXA9URN,78207,"The unemployment rate for San Antonio-New Braunfels MSA (Bexar County, TX) in November 1991 was 6.4%. (FRED: TXBEXA9URN)"
1991-12-01,1991,12,6.2,San Antonio–New Braunfels MSA (Bexar County),FRED: TXBEXA9URN,78207,"The unemployment rate for San Antonio-New Braunfels MSA (Bexar County, TX) in December 1991 was 6.2%. (FRED: TXBEXA9URN)"
1992-01-01,1992,1,7.0,San Antonio–New Braunfels MSA (Bexar County),FRED: TXBEXA9URN,78207,"The unemployment rate for San Antonio-New Braunfels MSA (Bexar County, TX) in January 1992 was 7.0%. (FRED: TXBEXA9URN)"
1992-02-01,1992,2,6.7,San Antonio–New Braunfels MSA (Bexar County),FRED: TXBEXA9URN,78207,"The unemployment rate for San Antonio-New Braunfels MSA (Bexar County, TX) in February 1992 was 6.7%. (FRED: TXBEXA9URN)"
1992-03-01,1992,3,6.5,San Antonio–New Braunfels MSA (Bexar County),FRED: TXBEXA9URN,78207,"The unemployment rate for San Antonio-New Braunfels MSA (Bexar County, TX) in March 1992 was 6.5%. (FRED: TXBEXA9URN)"
1992-04-01,1992,4,6.1,San Antonio–New Braunfels MSA (Bexar County),FRED: TXBEXA9URN,78207,"The unemployment rate for San Antonio-New Braunfels MSA (Bexar County, TX) in April 1992 was 6.1%. (FRED: TXBEXA9URN)"
1992-05-01,1992,5,6.4,San Antonio–New Braunfels MSA (Bexar County),FRED: TXBEXA9URN,78207,"The unemployment rate for San Antonio-New Braunfels MSA (Bexar County, TX) in May 1992 was 6.4%. (FRED: TXBEXA9URN)"
1992-06-01,1992,6,7.3,San Antonio–New Braunfels MSA (Bexar County),FRED: TXBEXA9URN,78207,"The unemployment rate for San Antonio-New Braunfels MSA (Bexar County, TX) in June 1992 was 7.3%. (FRED: TXBEXA9URN)"
1992-07-01,1992,7,6.8,San Antonio–New Braunfels MSA (Bexar County),FRED: TXBEXA9URN,78207,"The unemployment rate for San Antonio-New Braunfels MSA (Bexar County, TX) in July 1992 was 6.8%. (FRED: TXBEXA9URN)"
1992-08-01,1992,8,6.5,San Antonio–New Braunfels MSA (Bexar County),FRED: TXBEXA9URN,78207,"The unemployment rate for San Antonio-New Braunfels MSA (Bexar County, TX) in August 1992 was 6.5%. (FRED: TXBEXA9URN)"
1992-09-01,1992,9,6.4,San Antonio–New Braunfels MSA (Bexar County),FRED: TXBEXA9URN,78207,"The unemployment rate for San Antonio-New Braunfels MSA (Bexar County, TX) in September 1992 was 6.4%. (FRED: TXBEXA9URN)"
1992-10-01,1992,10,6.0,San Antonio–New Braunfels MSA (Bexar County),FRED: TXBEXA9URN,78207,"The unemployment rate for San Antonio-New Braunfels MSA (Bexar County, TX) in October 1992 was 6.0%. (FRED: TXBEXA9URN)"
1992-11-01,1992,11,6.1,San Antonio–New Braunfels MSA (Bexar County),FRED: TXBEXA9URN,78207,"The unemployment rate for San Antonio-New Braunfels MSA (Bexar County, TX) in November 1992 was 6.1%. (FRED: TXBEXA9URN)"
1992-12-01,1992,12,5.8,San Antonio–New Braunfels MSA (Bexar County),FRED: TXBEXA9URN,78207,"The unemployment rate for San Antonio-New Braunfels MSA (Bexar County, TX) in December 1992 was 5.8%. (FRED: TXBEXA9URN)"
1993-01-01,1993,1,6.4,San Antonio–New Braunfels MSA (Bexar County),FRED: TXBEXA9URN,78207,"The unemployment rate for San Antonio-New Braunfels MSA (Bexar County, TX) in January 1993 was 6.4%. (FRED: TXBEXA9URN)"
1993-02-01,1993,2,6.2,San Antonio–New Braunfels MSA (Bexar County),FRED: TXBEXA9URN,78207,"The unemployment rate for San Antonio-New Braunfels MSA (Bexar County, TX) in February 1993 was 6.2%. (FRED: TXBEXA9URN)"
1993-03-01,1993,3,5.7,San Antonio–New Braunfels MSA (Bexar County),FRED: TXBEXA9URN,78207,"The unemployment rate for San Antonio-New Braunfels MSA (Bexar County, TX) in March 1993 was 5.7%. (FRED: TXBEXA9URN)"
1993-04-01,1993,4,5.4,San Antonio–New Braunfels MSA (Bexar County),FRED: TXBEXA9URN,78207,"The unemployment rate for San Antonio-New Braunfels MSA (Bexar County, TX) in April 1993 was 5.4%. (FRED: TXBEXA9URN)"
1993-05-01,1993,5,5.4,San Antonio–New Braunfels MSA (Bexar County),FRED: TXBEXA9URN,78207,"The unemployment rate for San Antonio-New Braunfels MSA (Bexar County, TX) in May 1993 was 5.4%. (FRED: TXBEXA9URN)"
1993-06-01,1993,6,6.2,San Antonio–New Braunfels MSA (Bexar County),FRED: TXBEXA9URN,78207,"The unemployment rate for San Antonio-New Braunfels MSA (Bexar County, TX) in June 1993 was 6.2%. (FRED: TXBEXA9URN)"
1993-07-01,1993,7,6.0,San Antonio–New Braunfels MSA (Bexar County),FRED: TXBEXA9URN,78207,"The unemployment rate for San Antonio-New Braunfels MSA (Bexar County, TX) in July 1993 was 6.0%. (FRED: TXBEXA9URN)"
1993-08-01,1993,8,5.6,San Antonio–New Braunfels MSA (Bexar County),FRED: TXBEXA9URN,78207,"The unemployment rate for San Antonio-New Braunfels MSA (Bexar County, TX) in August 1993 was 5.6%. (FRED: TXBEXA9URN)"
1993-09-01,1993,9,5.6,San Antonio–New Braunfels MSA (Bexar County),FRED: TXBEXA9URN,78207,"The unemployment rate for San Antonio-New Braunfels MSA (Bexar County, TX) in September 1993 was 5.6%. (FRED: TXBEXA9URN)"
1993-10-01,1993,10,5.4,San Antonio–New Braunfels MSA (Bexar County),FRED: TXBEXA9URN,78207,"The unemployment rate for San Antonio-New Braunfels MSA (Bexar County, TX) in October 1993 was 5.4%. (FRED: TXBEXA9URN)"
1993-11-01,1993,11,5.1,San Antonio–New Braunfels MSA (Bexar County),FRED: TXBEXA9URN,78207,"The unemployment rate for San Antonio-New Braunfels MSA (Bexar County, TX) in November 1993 was 5.1%. (FRED: TXBEXA9URN)"
1993-12-01,1993,12,4.7,San Antonio–New Braunfels MSA (Bexar County),FRED: TXBEXA9URN,78207,"The unemployment rate for San Antonio-New Braunfels MSA (Bexar County, TX) in December 1993 was 4.7%. (FRED: TXBEXA9URN)"
1994-01-01,1994,1,5.5,San Antonio–New Braunfels MSA (Bexar County),FRED: TXBEXA9URN,78207,"The unemployment rate for San Antonio-New Braunfels MSA (Bexar County, TX) in January 1994 was 5.5%. (FRED: TXBEXA9URN)"
1994-02-01,1994,2,5.3,San Antonio–New Braunfels MSA (Bexar County),FRED: TXBEXA9URN,78207,"The unemployment rate for San Antonio-New Braunfels MSA (Bexar County, TX) in February 1994 was 5.3%. (FRED: TXBEXA9URN)"
1994-03-01,1994,3,5.0,San Antonio–New Braunfels MSA (Bexar County),FRED: TXBEXA9URN,78207,"The unemployment rate for San Antonio-New Braunfels MSA (Bexar County, TX) in March 1994 was 5.0%. (FRED: TXBEXA9URN)"
1994-04-01,1994,4,4.6,San Antonio–New Braunfels MSA (Bexar County),FRED: TXBEXA9URN,78207,"The unemployment rate for San Antonio-New Braunfels MSA (Bexar County, TX) in April 1994 was 4.6%. (FRED: TXBEXA9URN)"
1994-05-01,1994,5,4.5,San Antonio–New Braunfels MSA (Bexar County),FRED: TXBEXA9URN,78207,"The unemployment rate for San Antonio-New Braunfels MSA (Bexar County, TX) in May 1994 was 4.5%. (FRED: TXBEXA9URN)"
1994-06-01,1994,6,5.3,San Antonio–New Braunfels MSA (Bexar County),FRED: TXBEXA9URN,78207,"The unemployment rate for San Antonio-New Braunfels MSA (Bexar County, TX) in June 1994 was 5.3%. (FRED: TXBEXA9URN)"
1994-07-01,1994,7,5.1,San Antonio–New Braunfels MSA (Bexar County),FRED: TXBEXA9URN,78207,"The unemployment rate for San Antonio-New Braunfels MSA (Bexar County, TX) in July 1994 was 5.1%. (FRED: TXBEXA9URN)"
1994-08-01,1994,8,5.1,San Antonio–New Braunfels MSA (Bexar County),FRED: TXBEXA9URN,78207,"The unemployment rate for San Antonio-New Braunfels MSA (Bexar County, TX) in August 1994 was 5.1%. (FRED: TXBEXA9URN)"
1994-09-01,1994,9,4.7,San Antonio–New Braunfels MSA (Bexar County),FRED: TXBEXA9URN,78207,"The unemployment rate for San Antonio-New Braunfels MSA (Bexar County, TX) in September 1994 was 4.7%. (FRED: TXBEXA9URN)"
1994-10-01,1994,10,4.5,San Antonio–New Braunfels MSA (Bexar County),FRED: TXBEXA9URN,78207,"The unemployment rate for San Antonio-New Braunfels MSA (Bexar County, TX) in October 1994 was 4.5%. (FRED: TXBEXA9URN)"
1994-11-01,1994,11,4.3,San Antonio–New Braunfels MSA (Bexar County),FRED: TXBEXA9URN,78207,"The unemployment rate for San Antonio-New Braunfels MSA (Bexar County, TX) in November 1994 was 4.3%. (FRED: TXBEXA9URN)"
1994-12-01,1994,12,3.9,San Antonio–New Braunfels MSA (Bexar County),FRED: TXBEXA9URN,78207,"The unemployment rate for San Antonio-New Braunfels MSA (Bexar County, TX) in December 1994 was 3.9%. (FRED: TXBEXA9URN)"
1995-01-01,1995,1,4.6,San Antonio–New Braunfels MSA (Bexar County),FRED: TXBEXA9URN,78207,"The unemployment rate for San Antonio-New Braunfels MSA (Bexar County, TX) in January 1995 was 4.6%. (FRED: TXBEXA9URN)"
1995-02-01,1995,2,4.4,San Antonio–New Braunfels MSA (Bexar County),FRED: TXBEXA9URN,78207,"The unemployment rate for San Antonio-New Braunfels MSA (Bexar County, TX) in February 1995 was 4.4%. (FRED: TXBEXA9URN)"
1995-03-01,1995,3,4.2,San Antonio–New Braunfels MSA (Bexar County),FRED: TXBEXA9URN,78207,"The unemployment rate for San Antonio-New Braunfels MSA (Bexar County, TX) in March 1995 was 4.2%. (FRED: TXBEXA9URN)"
1995-04-01,1995,4,4.2,San Antonio–New Braunfels MSA (Bexar County),FRED: TXBEXA9URN,78207,"The unemployment rate for San Antonio-New Braunfels MSA (Bexar County, TX) in April 1995 was 4.2%. (FRED: TXBEXA9URN)"
1995-05-01,1995,5,4.2,San Antonio–New Braunfels MSA (Bexar County),FRED: TXBEXA9URN,78207,"The unemployment rate for San Antonio-New Braunfels MSA (Bexar County, TX) in May 1995 was 4.2%. (FRED: TXBEXA9URN)"
1995-06-01,1995,6,5.2,San Antonio–New Braunfels MSA (Bexar County),FRED: TXBEXA9URN,78207,"The unemployment rate for San Antonio-New Braunfels MSA (Bexar County, TX) in June 1995 was 5.2%. (FRED: TXBEXA9URN)"
1995-07-01,1995,7,5.2,San Antonio–New Braunfels MSA (Bexar County),FRED: TXBEXA9URN,78207,"The unemployment rate for San Antonio-New Braunfels MSA (Bexar County, TX) in July 1995 was 5.2%. (FRED: TXBEXA9URN)"
1995-08-01,1995,8,5.2,San Antonio–New Braunfels MSA (Bexar County),FRED: TXBEXA9URN,78207,"The unemployment rate for San Antonio-New Braunfels MSA (Bexar County, TX) in August 1995 was 5.2%. (FRED: TXBEXA9URN)"
1995-09-01,1995,9,4.9,San Antonio–New Braunfels MSA (Bexar County),FRED: TXBEXA9URN,78207,"The unemployment rate for San Antonio-New Braunfels MSA (Bexar County, TX) in September 1995 was 4.9%. (FRED: TXBEXA9URN)"
1995-10-01,1995,10,4.6,San Antonio–New Braunfels MSA (Bexar County),FRED: TXBEXA9URN,78207,"The unemployment rate for San Antonio-New Braunfels MSA (Bexar County, TX) in October 1995 was 4.6%. (FRED: TXBEXA9URN)"
1995-11-01,1995,11,4.6,San Antonio–New Braunfels MSA (Bexar County),FRED: TXBEXA9URN,78207,"The unemployment rate for San Antonio-New Braunfels MSA (Bexar County, TX) in November 1995 was 4.6%. (FRED: TXBEXA9URN)"
1995-12-01,1995,12,4.4,San Antonio–New Braunfels MSA (Bexar County),FRED: TXBEXA9URN,78207,"The unemployment rate for San Antonio-New Braunfels MSA (Bexar County, TX) in December 1995 was 4.4%. (FRED: TXBEXA9URN)"
1996-01-01,1996,1,5.2,San Antonio–New Braunfels MSA (Bexar County),FRED: TXBEXA9URN,78207,"The unemployment rate for San Antonio-New Braunfels MSA (Bexar County, TX) in January 1996 was 5.2%. (FRED: TXBEXA9URN)"
1996-02-01,1996,2,4.8,San Antonio–New Braunfels MSA (Bexar County),FRED: TXBEXA9URN,78207,"The unemployment rate for San Antonio-New Braunfels MSA (Bexar County, TX) in February 1996 was 4.8%. (FRED: TXBEXA9URN)"
1996-03-01,1996,3,4.6,San Antonio–New Braunfels MSA (Bexar County),FRED: TXBEXA9URN,78207,"The unemployment rate for San Antonio-New Braunfels MSA (Bexar County, TX) in March 1996 was 4.6%. (FRED: TXBEXA9URN)"
1996-04-01,1996,4,4.3,San Antonio–New Braunfels MSA (Bexar County),FRED: TXBEXA9URN,78207,"The unemployment rate for San Antonio-New Braunfels MSA (Bexar County, TX) in April 1996 was 4.3%. (FRED: TXBEXA9URN)"
1996-05-01,1996,5,4.4,San Antonio–New Braunfels MSA (Bexar County),FRED: TXBEXA9URN,78207,"The unemployment rate for San Antonio-New Braunfels MSA (Bexar County, TX) in May 1996 was 4.4%. (FRED: TXBEXA9URN)"
1996-06-01,1996,6,5.1,San Antonio–New Braunfels MSA (Bexar County),FRED: TXBEXA9URN,78207,"The unemployment rate for San Antonio-New Braunfels MSA (Bexar County, TX) in June 1996 was 5.1%. (FRED: TXBEXA9URN)"
1996-07-01,1996,7,5.4,San Antonio–New Braunfels MSA (Bexar County),FRED: TXBEXA9URN,78207,"The unemployment rate for San Antonio-New Braunfels MSA (Bexar County, TX) in July 1996 was 5.4%. (FRED: TXBEXA9URN)"
1996-08-01,1996,8,4.6,San Antonio–New Braunfels MSA (Bexar County),FRED: TXBEXA9URN,78207,"The unemployment rate for San Antonio-New Braunfels MSA (Bexar County, TX) in August 1996 was 4.6%. (FRED: TXBEXA9URN)"
1996-09-01,1996,9,4.4,San Antonio–New Braunfels MSA (Bexar County),FRED: TXBEXA9URN,78207,"The unemployment rate for San Antonio-New Braunfels MSA (Bexar County, TX) in September 1996 was 4.4%. (FRED: TXBEXA9URN)"
1996-10-01,1996,10,4.1,San Antonio–New Braunfels MSA (Bexar County),FRED: TXBEXA9URN,78207,"The unemployment rate for San Antonio-New Braunfels MSA (Bexar County, TX) in October 1996 was 4.1%. (FRED: TXBEXA9URN)"
1996-11-01,1996,11,4.3,San Antonio–New Braunfels MSA (Bexar County),FRED: TXBEXA9URN,78207,"The unemployment rate for San Antonio-New Braunfels MSA (Bexar County, TX) in November 1996 was 4.3%. (FRED: TXBEXA9URN)"
1996-12-01,1996,12,3.9,San Antonio–New Braunfels MSA (Bexar County),FRED: TXBEXA9URN,78207,"The unemployment rate for San Antonio-New Braunfels MSA (Bexar County, TX) in December 1996 was 3.9%. (FRED: TXBEXA9URN)"
1997-01-01,1997,1,4.4,San Antonio–New Braunfels MSA (Bexar County),FRED: TXBEXA9URN,78207,"The unemployment rate for San Antonio-New Braunfels MSA (Bexar County, TX) in January 1997 was 4.4%. (FRED: TXBEXA9URN)"
1997-02-01,1997,2,4.5,San Antonio–New Braunfels MSA (Bexar County),FRED: TXBEXA9URN,78207,"The unemployment rate for San Antonio-New Braunfels MSA (Bexar County, TX) in February 1997 was 4.5%. (FRED: TXBEXA9URN)"
1997-03-01,1997,3,4.3,San Antonio–New Braunfels MSA (Bexar County),FRED: TXBEXA9URN,78207,"The unemployment rate for San Antonio-New Braunfels MSA (Bexar County, TX) in March 1997 was 4.3%. (FRED: TXBEXA9URN)"
1997-04-01,1997,4,3.8,San Antonio–New Braunfels MSA (Bexar County),FRED: TXBEXA9URN,78207,"The unemployment rate for San Antonio-New Braunfels MSA (Bexar County, TX) in April 1997 was 3.8%. (FRED: TXBEXA9URN)"
1997-05-01,1997,5,4.0,San Antonio–New Braunfels MSA (Bexar County),FRED: TXBEXA9URN,78207,"The unemployment rate for San Antonio-New Braunfels MSA (Bexar County, TX) in May 1997 was 4.0%. (FRED: TXBEXA9URN)"
1997-06-01,1997,6,5.0,San Antonio–New Braunfels MSA (Bexar County),FRED: TXBEXA9URN,78207,"The unemployment rate for San Antonio-New Braunfels MSA (Bexar County, TX) in June 1997 was 5.0%. (FRED: TXBEXA9URN)"
1997-07-01,1997,7,4.7,San Antonio–New Braunfels MSA (Bexar County),FRED: TXBEXA9URN,78207,"The unemployment rate for San Antonio-New Braunfels MSA (Bexar County, TX) in July 1997 was 4.7%. (FRED: TXBEXA9URN)"
1997-08-01,1997,8,4.6,San Antonio–New Braunfels MSA (Bexar County),FRED: TXBEXA9URN,78207,"The unemployment rate for San Antonio-New Braunfels MSA (Bexar County, TX) in August 1997 was 4.6%. (FRED: TXBEXA9URN)"
1997-09-01,1997,9,4.3,San Antonio–New Braunfels MSA (Bexar County),FRED: TXBEXA9URN,78207,"The unemployment rate for San Antonio-New Braunfels MSA (Bexar County, TX) in September 1997 was 4.3%. (FRED: TXBEXA9URN)"
1997-10-01,1997,10,3.9,San Antonio–New Braunfels MSA (Bexar County),FRED: TXBEXA9URN,78207,"The unemployment rate for San Antonio-New Braunfels MSA (Bexar County, TX) in October 1997 was 3.9%. (FRED: TXBEXA9URN)"
1997-11-01,1997,11,3.8,San Antonio–New Braunfels MSA (Bexar County),FRED: TXBEXA9URN,78207,"The unemployment rate for San Antonio-New Braunfels MSA (Bexar County, TX) in November 1997 was 3.8%. (FRED: TXBEXA9URN)"
1997-12-01,1997,12,3.5,San Antonio–New Braunfels MSA (Bexar County),FRED: TXBEXA9URN,78207,"The unemployment rate for San Antonio-New Braunfels MSA (Bexar County, TX) in December 1997 was 3.5%. (FRED: TXBEXA9URN)"
1998-01-01,1998,1,4.1,San Antonio–New Braunfels MSA (Bexar County),FRED: TXBEXA9URN,78207,"The unemployment rate for San Antonio-New Braunfels MSA (Bexar County, TX) in January 1998 was 4.1%. (FRED: TXBEXA9URN)"
1998-02-01,1998,2,3.9,San Antonio–New Braunfels MSA (Bexar County),FRED: TXBEXA9URN,78207,"The unemployment rate for San Antonio-New Braunfels MSA (Bexar County, TX) in February 1998 was 3.9%. (FRED: TXBEXA9URN)"
1998-03-01,1998,3,4.2,San Antonio–New Braunfels MSA (Bexar County),FRED: TXBEXA9URN,78207,"The unemployment rate for San Antonio-New Braunfels MSA (Bexar County, TX) in March 1998 was 4.2%. (FRED: TXBEXA9URN)"
1998-04-01,1998,4,3.5,San Antonio–New Braunfels MSA (Bexar County),FRED: TXBEXA9URN,78207,"The unemployment rate for San Antonio-New Braunfels MSA (Bexar County, TX) in April 1998 was 3.5%. (FRED: TXBEXA9URN)"
1998-05-01,1998,5,3.8,San Antonio–New Braunfels MSA (Bexar County),FRED: TXBEXA9URN,78207,"The unemployment rate for San Antonio-New Braunfels MSA (Bexar County, TX) in May 1998 was 3.8%. (FRED: TXBEXA9URN)"
1998-06-01,1998,6,4.8,San Antonio–New Braunfels MSA (Bexar County),FRED: TXBEXA9URN,78207,"The unemployment rate for San Antonio-New Braunfels MSA (Bexar County, TX) in June 1998 was 4.8%. (FRED: TXBEXA9URN)"
1998-07-01,1998,7,4.5,San Antonio–New Braunfels MSA (Bexar County),FRED: TXBEXA9URN,78207,"The unemployment rate for San Antonio-New Braunfels MSA (Bexar County, TX) in July 1998 was 4.5%. (FRED: TXBEXA9URN)"
1998-08-01,1998,8,4.3,San Antonio–New Braunfels MSA (Bexar County),FRED: TXBEXA9URN,78207,"The unemployment rate for San Antonio-New Braunfels MSA (Bexar County, TX) in August 1998 was 4.3%. (FRED: TXBEXA9URN)"
1998-09-01,1998,9,4.2,San Antonio–New Braunfels MSA (Bexar County),FRED: TXBEXA9URN,78207,"The unemployment rate for San Antonio-New Braunfels MSA (Bexar County, TX) in September 1998 was 4.2%. (FRED: TXBEXA9URN)"
1998-10-01,1998,10,3.7,San Antonio–New Braunfels MSA (Bexar County),FRED: TXBEXA9URN,78207,"The unemployment rate for San Antonio-New Braunfels MSA (Bexar County, TX) in October 1998 was 3.7%. (FRED: TXBEXA9URN)"
1998-11-01,1998,11,3.3,San Antonio–New Braunfels MSA (Bexar County),FRED: TXBEXA9URN,78207,"The unemployment rate for San Antonio-New Braunfels MSA (Bexar County, TX) in November 1998 was 3.3%. (FRED: TXBEXA9URN)"
1998-12-01,1998,12,3.1,San Antonio–New Braunfels MSA (Bexar County),FRED: TXBEXA9URN,78207,"The unemployment rate for San Antonio-New Braunfels MSA (Bexar County, TX) in December 1998 was 3.1%. (FRED: TXBEXA9URN)"
1999-01-01,1999,1,3.3,San Antonio–New Braunfels MSA (Bexar County),FRED: TXBEXA9URN,78207,"The unemployment rate for San Antonio-New Braunfels MSA (Bexar County, TX) in January 1999 was 3.3%. (FRED: TXBEXA9URN)"
1999-02-01,1999,2,3.2,San Antonio–New Braunfels MSA (Bexar County),FRED: TXBEXA9URN,78207,"The unemployment rate for San Antonio-New Braunfels MSA (Bexar County, TX) in February 1999 was 3.2%. (FRED: TXBEXA9URN)"
1999-03-01,1999,3,2.9,San Antonio–New Braunfels MSA (Bexar County),FRED: TXBEXA9URN,78207,"The unemployment rate for San Antonio-New Braunfels MSA (Bexar County, TX) in March 1999 was 2.9%. (FRED: TXBEXA9URN)"
1999-04-01,1999,4,2.8,San Antonio–New Braunfels MSA (Bexar County),FRED: TXBEXA9URN,78207,"The unemployment rate for San Antonio-New Braunfels MSA (Bexar County, TX) in April 1999 was 2.8%. (FRED: TXBEXA9URN)"
1999-05-01,1999,5,2.8,San Antonio–New Braunfels MSA (Bexar County),FRED: TXBEXA9URN,78207,"The unemployment rate for San Antonio-New Braunfels MSA (Bexar County, TX) in May 1999 was 2.8%. (FRED: TXBEXA9URN)"
1999-06-01,1999,6,3.5,San Antonio–New Braunfels MSA (Bexar County),FRED: TXBEXA9URN,78207,"The unemployment rate for San Antonio-New Braunfels MSA (Bexar County, TX) in June 1999 was 3.5%. (FRED: TXBEXA9URN)"
1999-07-01,1999,7,3.5,San Antonio–New Braunfels MSA (Bexar County),FRED: TXBEXA9URN,78207,"The unemployment rate for San Antonio-New Braunfels MSA (Bexar County, TX) in July 1999 was 3.5%. (FRED: TXBEXA9URN)"
1999-08-01,1999,8,3.4,San Antonio–New Braunfels MSA (Bexar County),FRED: TXBEXA9URN,78207,"The unemployment rate for San Antonio-New Braunfels MSA (Bexar County, TX) in August 1999 was 3.4%. (FRED: TXBEXA9URN)"
1999-09-01,1999,9,3.7,San Antonio–New Braunfels MSA (Bexar County),FRED: TXBEXA9URN,78207,"The unemployment rate for San Antonio-New Braunfels MSA (Bexar County, TX) in September 1999 was 3.7%. (FRED: TXBEXA9URN)"
1999-10-01,1999,10,3.6,San Antonio–New Braunfels MSA (Bexar County),FRED: TXBEXA9URN,78207,"The unemployment rate for San Antonio-New Braunfels MSA (Bexar County, TX) in October 1999 was 3.6%. (FRED: TXBEXA9URN)"
1999-11-01,1999,11,3.4,San Antonio–New Braunfels MSA (Bexar County),FRED: TXBEXA9URN,78207,"The unemployment rate for San Antonio-New Braunfels MSA (Bexar County, TX) in November 1999 was 3.4%. (FRED: TXBEXA9URN)"
1999-12-01,1999,12,3.3,San Antonio–New Braunfels MSA (Bexar County),FRED: TXBEXA9URN,78207,"The unemployment rate for San Antonio-New Braunfels MSA (Bexar County, TX) in December 1999 was 3.3%. (FRED: TXBEXA9URN)"
2000-01-01,2000,1,4.5,San Antonio–New Braunfels MSA (Bexar County),FRED: TXBEXA9URN,78207,"The unemployment rate for San Antonio-New Braunfels MSA (Bexar County, TX) in January 2000 was 4.5%. (FRED: TXBEXA9URN)"
2000-02-01,2000,2,4.5,San Antonio–New Braunfels MSA (Bexar County),FRED: TXBEXA9URN,78207,"The unemployment rate for San Antonio-New Braunfels MSA (Bexar County, TX) in February 2000 was 4.5%. (FRED: TXBEXA9URN)"
2000-03-01,2000,3,4.3,San Antonio–New Braunfels MSA (Bexar County),FRED: TXBEXA9URN,78207,"The unemployment rate for San Antonio-New Braunfels MSA (Bexar County, TX) in March 2000 was 4.3%. (FRED: TXBEXA9URN)"
2000-04-01,2000,4,3.7,San Antonio–New Braunfels MSA (Bexar County),FRED: TXBEXA9URN,78207,"The unemployment rate for San Antonio-New Braunfels MSA (Bexar County, TX) in April 2000 was 3.7%. (FRED: TXBEXA9URN)"
2000-05-01,2000,5,4.0,San Antonio–New Braunfels MSA (Bexar County),FRED: TXBEXA9URN,78207,"The unemployment rate for San Antonio-New Braunfels MSA (Bexar County, TX) in May 2000 was 4.0%. (FRED: TXBEXA9URN)"
2000-06-01,2000,6,4.5,San Antonio–New Braunfels MSA (Bexar County),FRED: TXBEXA9URN,78207,"The unemployment rate for San Antonio-New Braunfels MSA (Bexar County, TX) in June 2000 was 4.5%. (FRED: TXBEXA9URN)"
2000-07-01,2000,7,4.4,San Antonio–New Braunfels MSA (Bexar County),FRED: TXBEXA9URN,78207,"The unemployment rate for San Antonio-New Braunfels MSA (Bexar County, TX) in July 2000 was 4.4%. (FRED: TXBEXA9URN)"
2000-08-01,2000,8,4.3,San Antonio–New Braunfels MSA (Bexar County),FRED: TXBEXA9URN,78207,"The unemployment rate for San Antonio-New Braunfels MSA (Bexar County, TX) in August 2000 was 4.3%. (FRED: TXBEXA9URN)"
2000-09-01,2000,9,4.1,San Antonio–New Braunfels MSA (Bexar County),FRED: TXBEXA9URN,78207,"The unemployment rate for San Antonio-New Braunfels MSA (Bexar County, TX) in September 2000 was 4.1%. (FRED: TXBEXA9URN)"
2000-10-01,2000,10,3.7,San Antonio–New Braunfels MSA (Bexar County),FRED: TXBEXA9URN,78207,"The unemployment rate for San Antonio-New Braunfels MSA (Bexar County, TX) in October 2000 was 3.7%. (FRED: TXBEXA9URN)"
2000-11-01,2000,11,3.7,San Antonio–New Braunfels MSA (Bexar County),FRED: TXBEXA9URN,78207,"The unemployment rate for San Antonio-New Braunfels MSA (Bexar County, TX) in November 2000 was 3.7%. (FRED: TXBEXA9URN)"
2000-12-01,2000,12,3.3,San Antonio–New Braunfels MSA (Bexar County),FRED: TXBEXA9URN,78207,"The unemployment rate for San Antonio-New Braunfels MSA (Bexar County, TX) in December 2000 was 3.3%. (FRED: TXBEXA9URN)"
2001-01-01,2001,1,4.1,San Antonio–New Braunfels MSA (Bexar County),FRED: TXBEXA9URN,78207,"The unemployment rate for San Antonio-New Braunfels MSA (Bexar County, TX) in January 2001 was 4.1%. (FRED: TXBEXA9URN)"
2001-02-01,2001,2,3.9,San Antonio–New Braunfels MSA (Bexar County),FRED: TXBEXA9URN,78207,"The unemployment rate for San Antonio-New Braunfels MSA (Bexar County, TX) in February 2001 was 3.9%. (FRED: TXBEXA9URN)"
2001-03-01,2001,3,4.2,San Antonio–New Braunfels MSA (Bexar County),FRED: TXBEXA9URN,78207,"The unemployment rate for San Antonio-New Braunfels MSA (Bexar County, TX) in March 2001 was 4.2%. (FRED: TXBEXA9URN)"
2001-04-01,2001,4,4.0,San Antonio–New Braunfels MSA (Bexar County),FRED: TXBEXA9URN,78207,"The unemployment rate for San Antonio-New Braunfels MSA (Bexar County, TX) in April 2001 was 4.0%. (FRED: TXBEXA9URN)"
2001-05-01,2001,5,4.0,San Antonio–New Braunfels MSA (Bexar County),FRED: TXBEXA9URN,78207,"The unemployment rate for San Antonio-New Braunfels MSA (Bexar County, TX) in May 2001 was 4.0%. (FRED: TXBEXA9URN)"
2001-06-01,2001,6,4.9,San Antonio–New Braunfels MSA (Bexar County),FRED: TXBEXA9URN,78207,"The unemployment rate for San Antonio-New Braunfels MSA (Bexar County, TX) in June 2001 was 4.9%. (FRED: TXBEXA9URN)"
2001-07-01,2001,7,4.8,San Antonio–New Braunfels MSA (Bexar County),FRED: TXBEXA9URN,78207,"The unemployment rate for San Antonio-New Braunfels MSA (Bexar County, TX) in July 2001 was 4.8%. (FRED: TXBEXA9URN)"
2001-08-01,2001,8,4.9,San Antonio–New Braunfels MSA (Bexar County),FRED: TXBEXA9URN,78207,"The unemployment rate for San Antonio-New Braunfels MSA (Bexar County, TX) in August 2001 was 4.9%. (FRED: TXBEXA9URN)"
2001-09-01,2001,9,4.9,San Antonio–New Braunfels MSA (Bexar County),FRED: TXBEXA9URN,78207,"The unemployment rate for San Antonio-New Braunfels MSA (Bexar County, TX) in September 2001 was 4.9%. (FRED: TXBEXA9URN)"
2001-10-01,2001,10,5.1,San Antonio–New Braunfels MSA (Bexar County),FRED: TXBEXA9URN,78207,"The unemployment rate for San Antonio-New Braunfels MSA (Bexar County, TX) in October 2001 was 5.1%. (FRED: TXBEXA9URN)"
2001-11-01,2001,11,5.4,San Antonio–New Braunfels MSA (Bexar County),FRED: TXBEXA9URN,78207,"The unemployment rate for San Antonio-New Braunfels MSA (Bexar County, TX) in November 2001 was 5.4%. (FRED: TXBEXA9URN)"
2001-12-01,2001,12,5.2,San Antonio–New Braunfels MSA (Bexar County),FRED: TXBEXA9URN,78207,"The unemployment rate for San Antonio-New Braunfels MSA (Bexar County, TX) in December 2001 was 5.2%. (FRED: TXBEXA9URN)"
2002-01-01,2002,1,5.9,San Antonio–New Braunfels MSA (Bexar County),FRED: TXBEXA9URN,78207,"The unemployment rate for San Antonio-New Braunfels MSA (Bexar County, TX) in January 2002 was 5.9%. (FRED: TXBEXA9URN)"
2002-02-01,2002,2,5.7,San Antonio–New Braunfels MSA (Bexar County),FRED: TXBEXA9URN,78207,"The unemployment rate for San Antonio-New Braunfels MSA (Bexar County, TX) in February 2002 was 5.7%. (FRED: TXBEXA9URN)"
2002-03-01,2002,3,5.7,San Antonio–New Braunfels MSA (Bexar County),FRED: TXBEXA9URN,78207,"The unemployment rate for San Antonio-New Braunfels MSA (Bexar County, TX) in March 2002 was 5.7%. (FRED: TXBEXA9URN)"
2002-04-01,2002,4,5.6,San Antonio–New Braunfels MSA (Bexar County),FRED: TXBEXA9URN,78207,"The unemployment rate for San Antonio-New Braunfels MSA (Bexar County, TX) in April 2002 was 5.6%. (FRED: TXBEXA9URN)"
2002-05-01,2002,5,5.6,San Antonio–New Braunfels MSA (Bexar County),FRED: TXBEXA9URN,78207,"The unemployment rate for San Antonio-New Braunfels MSA (Bexar County, TX) in May 2002 was 5.6%. (FRED: TXBEXA9URN)"
2002-06-01,2002,6,6.4,San Antonio–New Braunfels MSA (Bexar County),FRED: TXBEXA9URN,78207,"The unemployment rate for San Antonio-New Braunfels MSA (Bexar County, TX) in June 2002 was 6.4%. (FRED: TXBEXA9URN)"
2002-07-01,2002,7,6.2,San Antonio–New Braunfels MSA (Bexar County),FRED: TXBEXA9URN,78207,"The unemployment rate for San Antonio-New Braunfels MSA (Bexar County, TX) in July 2002 was 6.2%. (FRED: TXBEXA9URN)"
2002-08-01,2002,8,5.9,San Antonio–New Braunfels MSA (Bexar County),FRED: TXBEXA9URN,78207,"The unemployment rate for San Antonio-New Braunfels MSA (Bexar County, TX) in August 2002 was 5.9%. (FRED: TXBEXA9URN)"
2002-09-01,2002,9,5.7,San Antonio–New Braunfels MSA (Bexar County),FRED: TXBEXA9URN,78207,"The unemployment rate for San Antonio-New Braunfels MSA (Bexar County, TX) in September 2002 was 5.7%. (FRED: TXBEXA9URN)"
2002-10-01,2002,10,5.6,San Antonio–New Braunfels MSA (Bexar County),FRED: TXBEXA9URN,78207,"The unemployment rate for San Antonio-New Braunfels MSA (Bexar County, TX) in October 2002 was 5.6%. (FRED: TXBEXA9URN)"
2002-11-01,2002,11,5.9,San Antonio–New Braunfels MSA (Bexar County),FRED: TXBEXA9URN,78207,"The unemployment rate for San Antonio-New Braunfels MSA (Bexar County, TX) in November 2002 was 5.9%. (FRED: TXBEXA9URN)"
2002-12-01,2002,12,5.6,San Antonio–New Braunfels MSA (Bexar County),FRED: TXBEXA9URN,78207,"The unemployment rate for San Antonio-New Braunfels MSA (Bexar County, TX) in December 2002 was 5.6%. (FRED: TXBEXA9URN)"
2003-01-01,2003,1,6.4,San Antonio–New Braunfels MSA (Bexar County),FRED: TXBEXA9URN,78207,"The unemployment rate for San Antonio-New Braunfels MSA (Bexar County, TX) in January 2003 was 6.4%. (FRED: TXBEXA9URN)"
2003-02-01,2003,2,6.3,San Antonio–New Braunfels MSA (Bexar County),FRED: TXBEXA9URN,78207,"The unemployment rate for San Antonio-New Braunfels MSA (Bexar County, TX) in February 2003 was 6.3%. (FRED: TXBEXA9URN)"
2003-03-01,2003,3,6.1,San Antonio–New Braunfels MSA (Bexar County),FRED: TXBEXA9URN,78207,"The unemployment rate for San Antonio-New Braunfels MSA (Bexar County, TX) in March 2003 was 6.1%. (FRED: TXBEXA9URN)"
2003-04-01,2003,4,5.9,San Antonio–New Braunfels MSA (Bexar County),FRED: TXBEXA9URN,78207,"The unemployment rate for San Antonio-New Braunfels MSA (Bexar County, TX) in April 2003 was 5.9%. (FRED: TXBEXA9URN)"
2003-05-01,2003,5,6.1,San Antonio–New Braunfels MSA (Bexar County),FRED: TXBEXA9URN,78207,"The unemployment rate for San Antonio-New Braunfels MSA (Bexar County, TX) in May 2003 was 6.1%. (FRED: TXBEXA9URN)"
2003-06-01,2003,6,7.2,San Antonio–New Braunfels MSA (Bexar County),FRED: TXBEXA9URN,78207,"The unemployment rate for San Antonio-New Braunfels MSA (Bexar County, TX) in June 2003 was 7.2%. (FRED: TXBEXA9URN)"
2003-07-01,2003,7,6.9,San Antonio–New Braunfels MSA (Bexar County),FRED: TXBEXA9URN,78207,"The unemployment rate for San Antonio-New Braunfels MSA (Bexar County, TX) in July 2003 was 6.9%. (FRED: TXBEXA9URN)"
2003-08-01,2003,8,6.5,San Antonio–New Braunfels MSA (Bexar County),FRED: TXBEXA9URN,78207,"The unemployment rate for San Antonio-New Braunfels MSA (Bexar County, TX) in August 2003 was 6.5%. (FRED: TXBEXA9URN)"
2003-09-01,2003,9,6.4,San Antonio–New Braunfels MSA (Bexar County),FRED: TXBEXA9URN,78207,"The unemployment rate for San Antonio-New Braunfels MSA (Bexar County, TX) in September 2003 was 6.4%. (FRED: TXBEXA9URN)"
2003-10-01,2003,10,6.0,San Antonio–New Braunfels MSA (Bexar County),FRED: TXBEXA9URN,78207,"The unemployment rate for San Antonio-New Braunfels MSA (Bexar County, TX) in October 2003 was 6.0%. (FRED: TXBEXA9URN)"
2003-11-01,2003,11,5.9,San Antonio–New Braunfels MSA (Bexar County),FRED: TXBEXA9URN,78207,"The unemployment rate for San Antonio-New Braunfels MSA (Bexar County, TX) in November 2003 was 5.9%. (FRED: TXBEXA9URN)"
2003-12-01,2003,12,5.5,San Antonio–New Braunfels MSA (Bexar County),FRED: TXBEXA9URN,78207,"The unemployment rate for San Antonio-New Braunfels MSA (Bexar County, TX) in December 2003 was 5.5%. (FRED: TXBEXA9URN)"
2004-01-01,2004,1,6.4,San Antonio–New Braunfels MSA (Bexar County),FRED: TXBEXA9URN,78207,"The unemployment rate for San Antonio-New Braunfels MSA (Bexar County, TX) in January 2004 was 6.4%. (FRED: TXBEXA9URN)"
2004-02-01,2004,2,6.0,San Antonio–New Braunfels MSA (Bexar County),FRED: TXBEXA9URN,78207,"The unemployment rate for San Antonio-New Braunfels MSA (Bexar County, TX) in February 2004 was 6.0%. (FRED: TXBEXA9URN)"
2004-03-01,2004,3,6.0,San Antonio–New Braunfels MSA (Bexar County),FRED: TXBEXA9URN,78207,"The unemployment rate for San Antonio-New Braunfels MSA (Bexar County, TX) in March 2004 was 6.0%. (FRED: TXBEXA9URN)"
2004-04-01,2004,4,5.5,San Antonio–New Braunfels MSA (Bexar County),FRED: TXBEXA9URN,78207,"The unemployment rate for San Antonio-New Braunfels MSA (Bexar County, TX) in April 2004 was 5.5%. (FRED: TXBEXA9URN)"
2004-05-01,2004,5,5.5,San Antonio–New Braunfels MSA (Bexar County),FRED: TXBEXA9URN,78207,"The unemployment rate for San Antonio-New Braunfels MSA (Bexar County, TX) in May 2004 was 5.5%. (FRED: TXBEXA9URN)"
2004-06-01,2004,6,6.2,San Antonio–New Braunfels MSA (Bexar County),FRED: TXBEXA9URN,78207,"The unemployment rate for San Antonio-New Braunfels MSA (Bexar County, TX) in June 2004 was 6.2%. (FRED: TXBEXA9URN)"
2004-07-01,2004,7,6.1,San Antonio–New Braunfels MSA (Bexar County),FRED: TXBEXA9URN,78207,"The unemployment rate for San Antonio-New Braunfels MSA (Bexar County, TX) in July 2004 was 6.1%. (FRED: TXBEXA9URN)"
2004-08-01,2004,8,5.6,San Antonio–New Braunfels MSA (Bexar County),FRED: TXBEXA9URN,78207,"The unemployment rate for San Antonio-New Braunfels MSA (Bexar County, TX) in August 2004 was 5.6%. (FRED: TXBEXA9URN)"
2004-09-01,2004,9,5.4,San Antonio–New Braunfels MSA (Bexar County),FRED: TXBEXA9URN,78207,"The unemployment rate for San Antonio-New Braunfels MSA (Bexar County, TX) in September 2004 was 5.4%. (FRED: TXBEXA9URN)"
2004-10-01,2004,10,5.4,San Antonio–New Braunfels MSA (Bexar County),FRED: TXBEXA9URN,78207,"The unemployment rate for San Antonio-New Braunfels MSA (Bexar County, TX) in October 2004 was 5.4%. (FRED: TXBEXA9URN)"
2004-11-01,2004,11,5.5,San Antonio–New Braunfels MSA (Bexar County),FRED: TXBEXA9URN,78207,"The unemployment rate for San Antonio-New Braunfels MSA (Bexar County, TX) in November 2004 was 5.5%. (FRED: TXBEXA9URN)"
2004-12-01,2004,12,5.3,San Antonio–New Braunfels MSA (Bexar County),FRED: TXBEXA9URN,78207,"The unemployment rate for San Antonio-New Braunfels MSA (Bexar County, TX) in December 2004 was 5.3%. (FRED: TXBEXA9URN)"
2005-01-01,2005,1,5.8,San Antonio–New Braunfels MSA (Bexar County),FRED: TXBEXA9URN,78207,"The unemployment rate for San Antonio-New Braunfels MSA (Bexar County, TX) in January 2005 was 5.8%. (FRED: TXBEXA9URN)"
2005-02-01,2005,2,5.7,San Antonio–New Braunfels MSA (Bexar County),FRED: TXBEXA9URN,78207,"The unemployment rate for San Antonio-New Braunfels MSA (Bexar County, TX) in February 2005 was 5.7%. (FRED: TXBEXA9URN)"
2005-03-01,2005,3,5.2,San Antonio–New Braunfels MSA (Bexar County),FRED: TXBEXA9URN,78207,"The unemployment rate for San Antonio-New Braunfels MSA (Bexar County, TX) in March 2005 was 5.2%. (FRED: TXBEXA9URN)"
2005-04-01,2005,4,4.9,San Antonio–New Braunfels MSA (Bexar County),FRED: TXBEXA9URN,78207,"The unemployment rate for San Antonio-New Braunfels MSA (Bexar County, TX) in April 2005 was 4.9%. (FRED: TXBEXA9URN)"
2005-05-01,2005,5,4.9,San Antonio–New Braunfels MSA (Bexar County),FRED: TXBEXA9URN,78207,"The unemployment rate for San Antonio-New Braunfels MSA (Bexar County, TX) in May 2005 was 4.9%. (FRED: TXBEXA9URN)"
2005-06-01,2005,6,5.3,San Antonio–New Braunfels MSA (Bexar County),FRED: TXBEXA9URN,78207,"The unemployment rate for San Antonio-New Braunfels MSA (Bexar County, TX) in June 2005 was 5.3%. (FRED: TXBEXA9URN)"
2005-07-01,2005,7,5.3,San Antonio–New Braunfels MSA (Bexar County),FRED: TXBEXA9URN,78207,"The unemployment rate for San Antonio-New Braunfels MSA (Bexar County, TX) in July 2005 was 5.3%. (FRED: TXBEXA9URN)"
2005-08-01,2005,8,5.2,San Antonio–New Braunfels MSA (Bexar County),FRED: TXBEXA9URN,78207,"The unemployment rate for San Antonio-New Braunfels MSA (Bexar County, TX) in August 2005 was 5.2%. (FRED: TXBEXA9URN)"
2005-09-01,2005,9,5.2,San Antonio–New Braunfels MSA (Bexar County),FRED: TXBEXA9URN,78207,"The unemployment rate for San Antonio-New Braunfels MSA (Bexar County, TX) in September 2005 was 5.2%. (FRED: TXBEXA9URN)"
2005-10-01,2005,10,4.8,San Antonio–New Braunfels MSA (Bexar County),FRED: TXBEXA9URN,78207,"The unemployment rate for San Antonio-New Braunfels MSA (Bexar County, TX) in October 2005 was 4.8%. (FRED: TXBEXA9URN)"
2005-11-01,2005,11,5.1,San Antonio–New Braunfels MSA (Bexar County),FRED: TXBEXA9URN,78207,"The unemployment rate for San Antonio-New Braunfels MSA (Bexar County, TX) in November 2005 was 5.1%. (FRED: TXBEXA9URN)"
2005-12-01,2005,12,4.7,San Antonio–New Braunfels MSA (Bexar County),FRED: TXBEXA9URN,78207,"The unemployment rate for San Antonio-New Braunfels MSA (Bexar County, TX) in December 2005 was 4.7%. (FRED: TXBEXA9URN)"
2006-01-01,2006,1,5.0,San Antonio–New Braunfels MSA (Bexar County),FRED: TXBEXA9URN,78207,"The unemployment rate for San Antonio-New Braunfels MSA (Bexar County, TX) in January 2006 was 5.0%. (FRED: TXBEXA9URN)"
2006-02-01,2006,2,5.0,San Antonio–New Braunfels MSA (Bexar County),FRED: TXBEXA9URN,78207,"The unemployment rate for San Antonio-New Braunfels MSA (Bexar County, TX) in February 2006 was 5.0%. (FRED: TXBEXA9URN)"
2006-03-01,2006,3,4.9,San Antonio–New Braunfels MSA (Bexar County),FRED: TXBEXA9URN,78207,"The unemployment rate for San Antonio-New Braunfels MSA (Bexar County, TX) in March 2006 was 4.9%. (FRED: TXBEXA9URN)"
2006-04-01,2006,4,4.6,San Antonio–New Braunfels MSA (Bexar County),FRED: TXBEXA9URN,78207,"The unemployment rate for San Antonio-New Braunfels MSA (Bexar County, TX) in April 2006 was 4.6%. (FRED: TXBEXA9URN)"
2006-05-01,2006,5,4.7,San Antonio–New Braunfels MSA (Bexar County),FRED: TXBEXA9URN,78207,"The unemployment rate for San Antonio-New Braunfels MSA (Bexar County, TX) in May 2006 was 4.7%. (FRED: TXBEXA9URN)"
2006-06-01,2006,6,5.4,San Antonio–New Braunfels MSA (Bexar County),FRED: TXBEXA9URN,78207,"The unemployment rate for San Antonio-New Braunfels MSA (Bexar County, TX) in June 2006 was 5.4%. (FRED: TXBEXA9URN)"
2006-07-01,2006,7,5.3,San Antonio–New Braunfels MSA (Bexar County),FRED: TXBEXA9URN,78207,"The unemployment rate for San Antonio-New Braunfels MSA (Bexar County, TX) in July 2006 was 5.3%. (FRED: TXBEXA9URN)"
2006-08-01,2006,8,4.8,San Antonio–New Braunfels MSA (Bexar County),FRED: TXBEXA9URN,78207,"The unemployment rate for San Antonio-New Braunfels MSA (Bexar County, TX) in August 2006 was 4.8%. (FRED: TXBEXA9URN)"
2006-09-01,2006,9,4.6,San Antonio–New Braunfels MSA (Bexar County),FRED: TXBEXA9URN,78207,"The unemployment rate for San Antonio-New Braunfels MSA (Bexar County, TX) in September 2006 was 4.6%. (FRED: TXBEXA9URN)"
2006-10-01,2006,10,4.3,San Antonio–New Braunfels MSA (Bexar County),FRED: TXBEXA9URN,78207,"The unemployment rate for San Antonio-New Braunfels MSA (Bexar County, TX) in October 2006 was 4.3%. (FRED: TXBEXA9URN)"
2006-11-01,2006,11,4.3,San Antonio–New Braunfels MSA (Bexar County),FRED: TXBEXA9URN,78207,"The unemployment rate for San Antonio-New Braunfels MSA (Bexar County, TX) in November 2006 was 4.3%. (FRED: TXBEXA9URN)"
2006-12-01,2006,12,3.8,San Antonio–New Braunfels MSA (Bexar County),FRED: TXBEXA9URN,78207,"The unemployment rate for San Antonio-New Braunfels MSA (Bexar County, TX) in December 2006 was 3.8%. (FRED: TXBEXA9URN)"
2007-01-01,2007,1,4.5,San Antonio–New Braunfels MSA (Bexar County),FRED: TXBEXA9URN,78207,"The unemployment rate for San Antonio-New Braunfels MSA (Bexar County, TX) in January 2007 was 4.5%. (FRED: TXBEXA9URN)"
2007-02-01,2007,2,4.4,San Antonio–New Braunfels MSA (Bexar County),FRED: TXBEXA9URN,78207,"The unemployment rate for San Antonio-New Braunfels MSA (Bexar County, TX) in February 2007 was 4.4%. (FRED: TXBEXA9URN)"
2007-03-01,2007,3,4.1,San Antonio–New Braunfels MSA (Bexar County),FRED: TXBEXA9URN,78207,"The unemployment rate for San Antonio-New Braunfels MSA (Bexar County, TX) in March 2007 was 4.1%. (FRED: TXBEXA9URN)"
2007-04-01,2007,4,3.7,San Antonio–New Braunfels MSA (Bexar County),FRED: TXBEXA9URN,78207,"The unemployment rate for San Antonio-New Braunfels MSA (Bexar County, TX) in April 2007 was 3.7%. (FRED: TXBEXA9URN)"
2007-05-01,2007,5,3.7,San Antonio–New Braunfels MSA (Bexar County),FRED: TXBEXA9URN,78207,"The unemployment rate for San Antonio-New Braunfels MSA (Bexar County, TX) in May 2007 was 3.7%. (FRED: TXBEXA9URN)"
2007-06-01,2007,6,4.6,San Antonio–New Braunfels MSA (Bexar County),FRED: TXBEXA9URN,78207,"The unemployment rate for San Antonio-New Braunfels MSA (Bexar County, TX) in June 2007 was 4.6%. (FRED: TXBEXA9URN)"
2007-07-01,2007,7,4.6,San Antonio–New Braunfels MSA (Bexar County),FRED: TXBEXA9URN,78207,"The unemployment rate for San Antonio-New Braunfels MSA (Bexar County, TX) in July 2007 was 4.6%. (FRED: TXBEXA9URN)"
2007-08-01,2007,8,4.2,San Antonio–New Braunfels MSA (Bexar County),FRED: TXBEXA9URN,78207,"The unemployment rate for San Antonio-New Braunfels MSA (Bexar County, TX) in August 2007 was 4.2%. (FRED: TXBEXA9URN)"
2007-09-01,2007,9,4.2,San Antonio–New Braunfels MSA (Bexar County),FRED: TXBEXA9URN,78207,"The unemployment rate for San Antonio-New Braunfels MSA (Bexar County, TX) in September 2007 was 4.2%. (FRED: TXBEXA9URN)"
2007-10-01,2007,10,3.8,San Antonio–New Braunfels MSA (Bexar County),FRED: TXBEXA9URN,78207,"The unemployment rate for San Antonio-New Braunfels MSA (Bexar County, TX) in October 2007 was 3.8%. (FRED: TXBEXA9URN)"
2007-11-01,2007,11,4.0,San Antonio–New Braunfels MSA (Bexar County),FRED: TXBEXA9URN,78207,"The unemployment rate for San Antonio-New Braunfels MSA (Bexar County, TX) in November 2007 was 4.0%. (FRED: TXBEXA9URN)"
2007-12-01,2007,12,4.1,San Antonio–New Braunfels MSA (Bexar County),FRED: TXBEXA9URN,78207,"The unemployment rate for San Antonio-New Braunfels MSA (Bexar County, TX) in December 2007 was 4.1%. (FRED: TXBEXA9URN)"
2008-01-01,2008,1,4.5,San Antonio–New Braunfels MSA (Bexar County),FRED: TXBEXA9URN,78207,"The unemployment rate for San Antonio-New Braunfels MSA (Bexar County, TX) in January 2008 was 4.5%. (FRED: TXBEXA9URN)"
2008-02-01,2008,2,4.1,San Antonio–New Braunfels MSA (Bexar County),FRED: TXBEXA9URN,78207,"The unemployment rate for San Antonio-New Braunfels MSA (Bexar County, TX) in February 2008 was 4.1%. (FRED: TXBEXA9URN)"
2008-03-01,2008,3,4.1,San Antonio–New Braunfels MSA (Bexar County),FRED: TXBEXA9URN,78207,"The unemployment rate for San Antonio-New Braunfels MSA (Bexar County, TX) in March 2008 was 4.1%. (FRED: TXBEXA9URN)"
2008-04-01,2008,4,3.7,San Antonio–New Braunfels MSA (Bexar County),FRED: TXBEXA9URN,78207,"The unemployment rate for San Antonio-New Braunfels MSA (Bexar County, TX) in April 2008 was 3.7%. (FRED: TXBEXA9URN)"
2008-05-01,2008,5,4.1,San Antonio–New Braunfels MSA (Bexar County),FRED: TXBEXA9URN,78207,"The unemployment rate for San Antonio-New Braunfels MSA (Bexar County, TX) in May 2008 was 4.1%. (FRED: TXBEXA9URN)"
2008-06-01,2008,6,4.8,San Antonio–New Braunfels MSA (Bexar County),FRED: TXBEXA9URN,78207,"The unemployment rate for San Antonio-New Braunfels MSA (Bexar County, TX) in June 2008 was 4.8%. (FRED: TXBEXA9URN)"
2008-07-01,2008,7,5.1,San Antonio–New Braunfels MSA (Bexar County),FRED: TXBEXA9URN,78207,"The unemployment rate for San Antonio-New Braunfels MSA (Bexar County, TX) in July 2008 was 5.1%. (FRED: TXBEXA9URN)"
2008-08-01,2008,8,5.2,San Antonio–New Braunfels MSA (Bexar County),FRED: TXBEXA9URN,78207,"The unemployment rate for San Antonio-New Braunfels MSA (Bexar County, TX) in August 2008 was 5.2%. (FRED: TXBEXA9URN)"
2008-09-01,2008,9,5.1,San Antonio–New Braunfels MSA (Bexar County),FRED: TXBEXA9URN,78207,"The unemployment rate for San Antonio-New Braunfels MSA (Bexar County, TX) in September 2008 was 5.1%. (FRED: TXBEXA9URN)"
2008-10-01,2008,10,5.0,San Antonio–New Braunfels MSA (Bexar County),FRED: TXBEXA9URN,78207,"The unemployment rate for San Antonio-New Braunfels MSA (Bexar County, TX) in October 2008 was 5.0%. (FRED: TXBEXA9URN)"
2008-11-01,2008,11,5.2,San Antonio–New Braunfels MSA (Bexar County),FRED: TXBEXA9URN,78207,"The unemployment rate for San Antonio-New Braunfels MSA (Bexar County, TX) in November 2008 was 5.2%. (FRED: TXBEXA9URN)"
2008-12-01,2008,12,5.3,San Antonio–New Braunfels MSA (Bexar County),FRED: TXBEXA9URN,78207,"The unemployment rate for San Antonio-New Braunfels MSA (Bexar County, TX) in December 2008 was 5.3%. (FRED: TXBEXA9URN)"
2009-01-01,2009,1,6.1,San Antonio–New Braunfels MSA (Bexar County),FRED: TXBEXA9URN,78207,"The unemployment rate for San Antonio-New Braunfels MSA (Bexar County, TX) in January 2009 was 6.1%. (FRED: TXBEXA9URN)"
2009-02-01,2009,2,6.1,San Antonio–New Braunfels MSA (Bexar County),FRED: TXBEXA9URN,78207,"The unemployment rate for San Antonio-New Braunfels MSA (Bexar County, TX) in February 2009 was 6.1%. (FRED: TXBEXA9URN)"
2009-03-01,2009,3,5.9,San Antonio–New Braunfels MSA (Bexar County),FRED: TXBEXA9URN,78207,"The unemployment rate for San Antonio-New Braunfels MSA (Bexar County, TX) in March 2009 was 5.9%. (FRED: TXBEXA9URN)"
2009-04-01,2009,4,5.3,San Antonio–New Braunfels MSA (Bexar County),FRED: TXBEXA9URN,78207,"The unemployment rate for San Antonio-New Braunfels MSA (Bexar County, TX) in April 2009 was 5.3%. (FRED: TXBEXA9URN)"
2009-05-01,2009,5,6.3,San Antonio–New Braunfels MSA (Bexar County),FRED: TXBEXA9URN,78207,"The unemployment rate for San Antonio-New Braunfels MSA (Bexar County, TX) in May 2009 was 6.3%. (FRED: TXBEXA9URN)"
2009-06-01,2009,6,7.5,San Antonio–New Braunfels MSA (Bexar County),FRED: TXBEXA9URN,78207,"The unemployment rate for San Antonio-New Braunfels MSA (Bexar County, TX) in June 2009 was 7.5%. (FRED: TXBEXA9URN)"
2009-07-01,2009,7,7.6,San Antonio–New Braunfels MSA (Bexar County),FRED: TXBEXA9URN,78207,"The unemployment rate for San Antonio-New Braunfels MSA (Bexar County, TX) in July 2009 was 7.6%. (FRED: TXBEXA9URN)"
2009-08-01,2009,8,7.4,San Antonio–New Braunfels MSA (Bexar County),FRED: TXBEXA9URN,78207,"The unemployment rate for San Antonio-New Braunfels MSA (Bexar County, TX) in August 2009 was 7.4%. (FRED: TXBEXA9URN)"
2009-09-01,2009,9,7.5,San Antonio–New Braunfels MSA (Bexar County),FRED: TXBEXA9URN,78207,"The unemployment rate for San Antonio-New Braunfels MSA (Bexar County, TX) in September 2009 was 7.5%. (FRED: TXBEXA9URN)"
2009-10-01,2009,10,7.2,San Antonio–New Braunfels MSA (Bexar County),FRED: TXBEXA9URN,78207,"The unemployment rate for San Antonio-New Braunfels MSA (Bexar County, TX) in October 2009 was 7.2%. (FRED: TXBEXA9URN)"
2009-11-01,2009,11,7.0,San Antonio–New Braunfels MSA (Bexar County),FRED: TXBEXA9URN,78207,"The unemployment rate for San Antonio-New Braunfels MSA (Bexar County, TX) in November 2009 was 7.0%. (FRED: TXBEXA9URN)"
2009-12-01,2009,12,7.0,San Antonio–New Braunfels MSA (Bexar County),FRED: TXBEXA9URN,78207,"The unemployment rate for San Antonio-New Braunfels MSA (Bexar County, TX) in December 2009 was 7.0%. (FRED: TXBEXA9URN)"
2010-01-01,2010,1,7.7,San Antonio–New Braunfels MSA (Bexar County),FRED: TXBEXA9URN,78207,"The unemployment rate for San Antonio-New Braunfels MSA (Bexar County, TX) in January 2010 was 7.7%. (FRED: TXBEXA9URN)"
2010-02-01,2010,2,7.4,San Antonio–New Braunfels MSA (Bexar County),FRED: TXBEXA9URN,78207,"The unemployment rate for San Antonio-New Braunfels MSA (Bexar County, TX) in February 2010 was 7.4%. (FRED: TXBEXA9URN)"
2010-03-01,2010,3,7.3,San Antonio–New Braunfels MSA (Bexar County),FRED: TXBEXA9URN,78207,"The unemployment rate for San Antonio-New Braunfels MSA (Bexar County, TX) in March 2010 was 7.3%. (FRED: TXBEXA9URN)"
2010-04-01,2010,4,7.1,San Antonio–New Braunfels MSA (Bexar County),FRED: TXBEXA9URN,78207,"The unemployment rate for San Antonio-New Braunfels MSA (Bexar County, TX) in April 2010 was 7.1%. (FRED: TXBEXA9URN)"
2010-05-01,2010,5,6.9,San Antonio–New Braunfels MSA (Bexar County),FRED: TXBEXA9URN,78207,"The unemployment rate for San Antonio-New Braunfels MSA (Bexar County, TX) in May 2010 was 6.9%. (FRED: TXBEXA9URN)"
2010-06-01,2010,6,7.5,San Antonio–New Braunfels MSA (Bexar County),FRED: TXBEXA9URN,78207,"The unemployment rate for San Antonio-New Braunfels MSA (Bexar County, TX) in June 2010 was 7.5%. (FRED: TXBEXA9URN)"
2010-07-01,2010,7,7.6,San Antonio–New Braunfels MSA (Bexar County),FRED: TXBEXA9URN,78207,"The unemployment rate for San Antonio-New Braunfels MSA (Bexar County, TX) in July 2010 was 7.6%. (FRED: TXBEXA9URN)"
2010-08-01,2010,8,7.5,San Antonio–New Braunfels MSA (Bexar County),FRED: TXBEXA9URN,78207,"The unemployment rate for San Antonio-New Braunfels MSA (Bexar County, TX) in August 2010 was 7.5%. (FRED: TXBEXA9URN)"
2010-09-01,2010,9,7.4,San Antonio–New Braunfels MSA (Bexar County),FRED: TXBEXA9URN,78207,"The unemployment rate for San Antonio-New Braunfels MSA (Bexar County, TX) in September 2010 was 7.4%. (FRED: TXBEXA9URN)"
2010-10-01,2010,10,7.3,San Antonio–New Braunfels MSA (Bexar County),FRED: TXBEXA9URN,78207,"The unemployment rate for San Antonio-New Braunfels MSA (Bexar County, TX) in October 2010 was 7.3%. (FRED: TXBEXA9URN)"
2010-11-01,2010,11,7.6,San Antonio–New Braunfels MSA (Bexar County),FRED: TXBEXA9URN,78207,"The unemployment rate for San Antonio-New Braunfels MSA (Bexar County, TX) in November 2010 was 7.6%. (FRED: TXBEXA9URN)"
2010-12-01,2010,12,7.2,San Antonio–New Braunfels MSA (Bexar County),FRED: TXBEXA9URN,78207,"The unemployment rate for San Antonio-New Braunfels MSA (Bexar County, TX) in December 2010 was 7.2%. (FRED: TXBEXA9URN)"
2011-01-01,2011,1,7.8,San Antonio–New Braunfels MSA (Bexar County),FRED: TXBEXA9URN,78207,"The unemployment rate for San Antonio-New Braunfels MSA (Bexar County, TX) in January 2011 was 7.8%. (FRED: TXBEXA9URN)"
2011-02-01,2011,2,7.5,San Antonio–New Braunfels MSA (Bexar County),FRED: TXBEXA9URN,78207,"The unemployment rate for San Antonio-New Braunfels MSA (Bexar County, TX) in February 2011 was 7.5%. (FRED: TXBEXA9URN)"
2011-03-01,2011,3,7.4,San Antonio–New Braunfels MSA (Bexar County),FRED: TXBEXA9URN,78207,"The unemployment rate for San Antonio-New Braunfels MSA (Bexar County, TX) in March 2011 was 7.4%. (FRED: TXBEXA9URN)"
2011-04-01,2011,4,7.1,San Antonio–New Braunfels MSA (Bexar County),FRED: TXBEXA9URN,78207,"The unemployment rate for San Antonio-New Braunfels MSA (Bexar County, TX) in April 2011 was 7.1%. (FRED: TXBEXA9URN)"
2011-05-01,2011,5,7.4,San Antonio–New Braunfels MSA (Bexar County),FRED: TXBEXA9URN,78207,"The unemployment rate for San Antonio-New Braunfels MSA (Bexar County, TX) in May 2011 was 7.4%. (FRED: TXBEXA9URN)"
2011-06-01,2011,6,8.2,San Antonio–New Braunfels MSA (Bexar County),FRED: TXBEXA9URN,78207,"The unemployment rate for San Antonio-New Braunfels MSA (Bexar County, TX) in June 2011 was 8.2%. (FRED: TXBEXA9URN)"
2011-07-01,2011,7,8.3,San Antonio–New Braunfels MSA (Bexar County),FRED: TXBEXA9URN,78207,"The unemployment rate for San Antonio-New Braunfels MSA (Bexar County, TX) in July 2011 was 8.3%. (FRED: TXBEXA9URN)"
2011-08-01,2011,8,7.8,San Antonio–New Braunfels MSA (Bexar County),FRED: TXBEXA9URN,78207,"The unemployment rate for San Antonio-New Braunfels MSA (Bexar County, TX) in August 2011 was 7.8%. (FRED: TXBEXA9URN)"
2011-09-01,2011,9,7.7,San Antonio–New Braunfels MSA (Bexar County),FRED: TXBEXA9URN,78207,"The unemployment rate for San Antonio-New Braunfels MSA (Bexar County, TX) in September 2011 was 7.7%. (FRED: TXBEXA9URN)"
2011-10-01,2011,10,7.2,San Antonio–New Braunfels MSA (Bexar County),FRED: TXBEXA9URN,78207,"The unemployment rate for San Antonio-New Braunfels MSA (Bexar County, TX) in October 2011 was 7.2%. (FRED: TXBEXA9URN)"
2011-11-01,2011,11,6.7,San Antonio–New Braunfels MSA (Bexar County),FRED: TXBEXA9URN,78207,"The unemployment rate for San Antonio-New Braunfels MSA (Bexar County, TX) in November 2011 was 6.7%. (FRED: TXBEXA9URN)"
2011-12-01,2011,12,6.5,San Antonio–New Braunfels MSA (Bexar County),FRED: TXBEXA9URN,78207,"The unemployment rate for San Antonio-New Braunfels MSA (Bexar County, TX) in December 2011 was 6.5%. (FRED: TXBEXA9URN)"
2012-01-01,2012,1,6.9,San Antonio–New Braunfels MSA (Bexar County),FRED: TXBEXA9URN,78207,"The unemployment rate for San Antonio-New Braunfels MSA (Bexar County, TX) in January 2012 was 6.9%. (FRED: TXBEXA9URN)"
2012-02-01,2012,2,6.7,San Antonio–New Braunfels MSA (Bexar County),FRED: TXBEXA9URN,78207,"The unemployment rate for San Antonio-New Braunfels MSA (Bexar County, TX) in February 2012 was 6.7%. (FRED: TXBEXA9URN)"
2012-03-01,2012,3,6.2,San Antonio–New Braunfels MSA (Bexar County),FRED: TXBEXA9URN,78207,"The unemployment rate for San Antonio-New Braunfels MSA (Bexar County, TX) in March 2012 was 6.2%. (FRED: TXBEXA9URN)"
2012-04-01,2012,4,5.9,San Antonio–New Braunfels MSA (Bexar County),FRED: TXBEXA9URN,78207,"The unemployment rate for San Antonio-New Braunfels MSA (Bexar County, TX) in April 2012 was 5.9%. (FRED: TXBEXA9URN)"
2012-05-01,2012,5,6.2,San Antonio–New Braunfels MSA (Bexar County),FRED: TXBEXA9URN,78207,"The unemployment rate for San Antonio-New Braunfels MSA (Bexar County, TX) in May 2012 was 6.2%. (FRED: TXBEXA9URN)"
2012-06-01,2012,6,6.9,San Antonio–New Braunfels MSA (Bexar County),FRED: TXBEXA9URN,78207,"The unemployment rate for San Antonio-New Braunfels MSA (Bexar County, TX) in June 2012 was 6.9%. (FRED: TXBEXA9URN)"
2012-07-01,2012,7,6.9,San Antonio–New Braunfels MSA (Bexar County),FRED: TXBEXA9URN,78207,"The unemployment rate for San Antonio-New Braunfels MSA (Bexar County, TX) in July 2012 was 6.9%. (FRED: TXBEXA9URN)"
2012-08-01,2012,8,6.4,San Antonio–New Braunfels MSA (Bexar County),FRED: TXBEXA9URN,78207,"The unemployment rate for San Antonio-New Braunfels MSA (Bexar County, TX) in August 2012 was 6.4%. (FRED: TXBEXA9URN)"
2012-09-01,2012,9,6.0,San Antonio–New Braunfels MSA (Bexar County),FRED: TXBEXA9URN,78207,"The unemployment rate for San Antonio-New Braunfels MSA (Bexar County, TX) in September 2012 was 6.0%. (FRED: TXBEXA9URN)"
2012-10-01,2012,10,5.9,San Antonio–New Braunfels MSA (Bexar County),FRED: TXBEXA9URN,78207,"The unemployment rate for San Antonio-New Braunfels MSA (Bexar County, TX) in October 2012 was 5.9%. (FRED: TXBEXA9URN)"
2012-11-01,2012,11,5.7,San Antonio–New Braunfels MSA (Bexar County),FRED: TXBEXA9URN,78207,"The unemployment rate for San Antonio-New Braunfels MSA (Bexar County, TX) in November 2012 was 5.7%. (FRED: TXBEXA9URN)"
2012-12-01,2012,12,5.8,San Antonio–New Braunfels MSA (Bexar County),FRED: TXBEXA9URN,78207,"The unemployment rate for San Antonio-New Braunfels MSA (Bexar County, TX) in December 2012 was 5.8%. (FRED: TXBEXA9URN)"
2013-01-01,2013,1,6.5,San Antonio–New Braunfels MSA (Bexar County),FRED: TXBEXA9URN,78207,"The unemployment rate for San Antonio-New Braunfels MSA (Bexar County, TX) in January 2013 was 6.5%. (FRED: TXBEXA9URN)"
2013-02-01,2013,2,6.2,San Antonio–New Braunfels MSA (Bexar County),FRED: TXBEXA9URN,78207,"The unemployment rate for San Antonio-New Braunfels MSA (Bexar County, TX) in February 2013 was 6.2%. (FRED: TXBEXA9URN)"
2013-03-01,2013,3,5.9,San Antonio–New Braunfels MSA (Bexar County),FRED: TXBEXA9URN,78207,"The unemployment rate for San Antonio-New Braunfels MSA (Bexar County, TX) in March 2013 was 5.9%. (FRED: TXBEXA9URN)"
2013-04-01,2013,4,5.6,San Antonio–New Braunfels MSA (Bexar County),FRED: TXBEXA9URN,78207,"The unemployment rate for San Antonio-New Braunfels MSA (Bexar County, TX) in April 2013 was 5.6%. (FRED: TXBEXA9URN)"
2013-05-01,2013,5,5.8,San Antonio–New Braunfels MSA (Bexar County),FRED: TXBEXA9URN,78207,"The unemployment rate for San Antonio-New Braunfels MSA (Bexar County, TX) in May 2013 was 5.8%. (FRED: TXBEXA9URN)"
2013-06-01,2013,6,6.4,San Antonio–New Braunfels MSA (Bexar County),FRED: TXBEXA9URN,78207,"The unemployment rate for San Antonio-New Braunfels MSA (Bexar County, TX) in June 2013 was 6.4%. (FRED: TXBEXA9URN)"
2013-07-01,2013,7,6.3,San Antonio–New Braunfels MSA (Bexar County),FRED: TXBEXA9URN,78207,"The unemployment rate for San Antonio-New Braunfels MSA (Bexar County, TX) in July 2013 was 6.3%. (FRED: TXBEXA9URN)"
2013-08-01,2013,8,5.9,San Antonio–New Braunfels MSA (Bexar County),FRED: TXBEXA9URN,78207,"The unemployment rate for San Antonio-New Braunfels MSA (Bexar County, TX) in August 2013 was 5.9%. (FRED: TXBEXA9URN)"
2013-09-01,2013,9,5.9,San Antonio–New Braunfels MSA (Bexar County),FRED: TXBEXA9URN,78207,"The unemployment rate for San Antonio-New Braunfels MSA (Bexar County, TX) in September 2013 was 5.9%. (FRED: TXBEXA9URN)"
2013-10-01,2013,10,5.7,San Antonio–New Braunfels MSA (Bexar County),FRED: TXBEXA9URN,78207,"The unemployment rate for San Antonio-New Braunfels MSA (Bexar County, TX) in October 2013 was 5.7%. (FRED: TXBEXA9URN)"
2013-11-01,2013,11,5.4,San Antonio–New Braunfels MSA (Bexar County),FRED: TXBEXA9URN,78207,"The unemployment rate for San Antonio-New Braunfels MSA (Bexar County, TX) in November 2013 was 5.4%. (FRED: TXBEXA9URN)"
2013-12-01,2013,12,5.0,San Antonio–New Braunfels MSA (Bexar County),FRED: TXBEXA9URN,78207,"The unemployment rate for San Antonio-New Braunfels MSA (Bexar County, TX) in December 2013 was 5.0%. (FRED: TXBEXA9URN)"
2014-01-01,2014,1,5.4,San Antonio–New Braunfels MSA (Bexar County),FRED: TXBEXA9URN,78207,"The unemployment rate for San Antonio-New Braunfels MSA (Bexar County, TX) in January 2014 was 5.4%. (FRED: TXBEXA9URN)"
2014-02-01,2014,2,5.4,San Antonio–New Braunfels MSA (Bexar County),FRED: TXBEXA9URN,78207,"The unemployment rate for San Antonio-New Braunfels MSA (Bexar County, TX) in February 2014 was 5.4%. (FRED: TXBEXA9URN)"
2014-03-01,2014,3,5.0,San Antonio–New Braunfels MSA (Bexar County),FRED: TXBEXA9URN,78207,"The unemployment rate for San Antonio-New Braunfels MSA (Bexar County, TX) in March 2014 was 5.0%. (FRED: TXBEXA9URN)"
2014-04-01,2014,4,4.4,San Antonio–New Braunfels MSA (Bexar County),FRED: TXBEXA9URN,78207,"The unemployment rate for San Antonio-New Braunfels MSA (Bexar County, TX) in April 2014 was 4.4%. (FRED: TXBEXA9URN)"
2014-05-01,2014,5,4.7,San Antonio–New Braunfels MSA (Bexar County),FRED: TXBEXA9URN,78207,"The unemployment rate for San Antonio-New Braunfels MSA (Bexar County, TX) in May 2014 was 4.7%. (FRED: TXBEXA9URN)"
2014-06-01,2014,6,5.0,San Antonio–New Braunfels MSA (Bexar County),FRED: TXBEXA9URN,78207,"The unemployment rate for San Antonio-New Braunfels MSA (Bexar County, TX) in June 2014 was 5.0%. (FRED: TXBEXA9URN)"
2014-07-01,2014,7,5.2,San Antonio–New Braunfels MSA (Bexar County),FRED: TXBEXA9URN,78207,"The unemployment rate for San Antonio-New Braunfels MSA (Bexar County, TX) in July 2014 was 5.2%. (FRED: TXBEXA9URN)"
2014-08-01,2014,8,4.9,San Antonio–New Braunfels MSA (Bexar County),FRED: TXBEXA9URN,78207,"The unemployment rate for San Antonio-New Braunfels MSA (Bexar County, TX) in August 2014 was 4.9%. (FRED: TXBEXA9URN)"
2014-09-01,2014,9,4.6,San Antonio–New Braunfels MSA (Bexar County),FRED: TXBEXA9URN,78207,"The unemployment rate for San Antonio-New Braunfels MSA (Bexar County, TX) in September 2014 was 4.6%. (FRED: TXBEXA9URN)"
2014-10-01,2014,10,4.3,San Antonio–New Braunfels MSA (Bexar County),FRED: TXBEXA9URN,78207,"The unemployment rate for San Antonio-New Braunfels MSA (Bexar County, TX) in October 2014 was 4.3%. (FRED: TXBEXA9URN)"
2014-11-01,2014,11,4.2,San Antonio–New Braunfels MSA (Bexar County),FRED: TXBEXA9URN,78207,"The unemployment rate for San Antonio-New Braunfels MSA (Bexar County, TX) in November 2014 was 4.2%. (FRED: TXBEXA9URN)"
2014-12-01,2014,12,3.8,San Antonio–New Braunfels MSA (Bexar County),FRED: TXBEXA9URN,78207,"The unemployment rate for San Antonio-New Braunfels MSA (Bexar County, TX) in December 2014 was 3.8%. (FRED: TXBEXA9URN)"
2015-01-01,2015,1,4.3,San Antonio–New Braunfels MSA (Bexar County),FRED: TXBEXA9URN,78207,"The unemployment rate for San Antonio-New Braunfels MSA (Bexar County, TX) in January 2015 was 4.3%. (FRED: TXBEXA9URN)"
2015-02-01,2015,2,4.0,San Antonio–New Braunfels MSA (Bexar County),FRED: TXBEXA9URN,78207,"The unemployment rate for San Antonio-New Braunfels MSA (Bexar County, TX) in February 2015 was 4.0%. (FRED: TXBEXA9URN)"
2015-03-01,2015,3,3.8,San Antonio–New Braunfels MSA (Bexar County),FRED: TXBEXA9URN,78207,"The unemployment rate for San Antonio-New Braunfels MSA (Bexar County, TX) in March 2015 was 3.8%. (FRED: TXBEXA9URN)"
2015-04-01,2015,4,3.4,San Antonio–New Braunfels MSA (Bexar County),FRED: TXBEXA9URN,78207,"The unemployment rate for San Antonio-New Braunfels MSA (Bexar County, TX) in April 2015 was 3.4%. (FRED: TXBEXA9URN)"
2015-05-01,2015,5,3.7,San Antonio–New Braunfels MSA (Bexar County),FRED: TXBEXA9URN,78207,"The unemployment rate for San Antonio-New Braunfels MSA (Bexar County, TX) in May 2015 was 3.7%. (FRED: TXBEXA9URN)"
2015-06-01,2015,6,4.1,San Antonio–New Braunfels MSA (Bexar County),FRED: TXBEXA9URN,78207,"The unemployment rate for San Antonio-New Braunfels MSA (Bexar County, TX) in June 2015 was 4.1%. (FRED: TXBEXA9URN)"
2015-07-01,2015,7,4.2,San Antonio–New Braunfels MSA (Bexar County),FRED: TXBEXA9URN,78207,"The unemployment rate for San Antonio-New Braunfels MSA (Bexar County, TX) in July 2015 was 4.2%. (FRED: TXBEXA9URN)"
2015-08-01,2015,8,3.8,San Antonio–New Braunfels MSA (Bexar County),FRED: TXBEXA9URN,78207,"The unemployment rate for San Antonio-New Braunfels MSA (Bexar County, TX) in August 2015 was 3.8%. (FRED: TXBEXA9URN)"
2015-09-01,2015,9,3.8,San Antonio–New Braunfels MSA (Bexar County),FRED: TXBEXA9URN,78207,"The unemployment rate for San Antonio-New Braunfels MSA (Bexar County, TX) in September 2015 was 3.8%. (FRED: TXBEXA9URN)"
2015-10-01,2015,10,3.7,San Antonio–New Braunfels MSA (Bexar County),FRED: TXBEXA9URN,78207,"The unemployment rate for San Antonio-New Braunfels MSA (Bexar County, TX) in October 2015 was 3.7%. (FRED: TXBEXA9URN)"
2015-11-01,2015,11,3.7,San Antonio–New Braunfels MSA (Bexar County),FRED: TXBEXA9URN,78207,"The unemployment rate for San Antonio-New Braunfels MSA (Bexar County, TX) in November 2015 was 3.7%. (FRED: TXBEXA9URN)"
2015-12-01,2015,12,3.4,San Antonio–New Braunfels MSA (Bexar County),FRED: TXBEXA9URN,78207,"The unemployment rate for San Antonio-New Braunfels MSA (Bexar County, TX) in December 2015 was 3.4%. (FRED: TXBEXA9URN)"
2016-01-01,2016,1,3.7,San Antonio–New Braunfels MSA (Bexar County),FRED: TXBEXA9URN,78207,"The unemployment rate for San Antonio-New Braunfels MSA (Bexar County, TX) in January 2016 was 3.7%. (FRED: TXBEXA9URN)"
2016-02-01,2016,2,3.6,San Antonio–New Braunfels MSA (Bexar County),FRED: TXBEXA9URN,78207,"The unemployment rate for San Antonio-New Braunfels MSA (Bexar County, TX) in February 2016 was 3.6%. (FRED: TXBEXA9URN)"
2016-03-01,2016,3,3.6,San Antonio–New Braunfels MSA (Bexar County),FRED: TXBEXA9URN,78207,"The unemployment rate for San Antonio-New Braunfels MSA (Bexar County, TX) in March 2016 was 3.6%. (FRED: TXBEXA9URN)"
2016-04-01,2016,4,3.3,San Antonio–New Braunfels MSA (Bexar County),FRED: TXBEXA9URN,78207,"The unemployment rate for San Antonio-New Braunfels MSA (Bexar County, TX) in April 2016 was 3.3%. (FRED: TXBEXA9URN)"
2016-05-01,2016,5,3.4,San Antonio–New Braunfels MSA (Bexar County),FRED: TXBEXA9URN,78207,"The unemployment rate for San Antonio-New Braunfels MSA (Bexar County, TX) in May 2016 was 3.4%. (FRED: TXBEXA9URN)"
2016-06-01,2016,6,4.0,San Antonio–New Braunfels MSA (Bexar County),FRED: TXBEXA9URN,78207,"The unemployment rate for San Antonio-New Braunfels MSA (Bexar County, TX) in June 2016 was 4.0%. (FRED: TXBEXA9URN)"
2016-07-01,2016,7,4.1,San Antonio–New Braunfels MSA (Bexar County),FRED: TXBEXA9URN,78207,"The unemployment rate for San Antonio-New Braunfels MSA (Bexar County, TX) in July 2016 was 4.1%. (FRED: TXBEXA9URN)"
2016-08-01,2016,8,3.9,San Antonio–New Braunfels MSA (Bexar County),FRED: TXBEXA9URN,78207,"The unemployment rate for San Antonio-New Braunfels MSA (Bexar County, TX) in August 2016 was 3.9%. (FRED: TXBEXA9URN)"
2016-09-01,2016,9,3.9,San Antonio–New Braunfels MSA (Bexar County),FRED: TXBEXA9URN,78207,"The unemployment rate for San Antonio-New Braunfels MSA (Bexar County, TX) in September 2016 was 3.9%. (FRED: TXBEXA9URN)"
2016-10-01,2016,10,3.7,San Antonio–New Braunfels MSA (Bexar County),FRED: TXBEXA9URN,78207,"The unemployment rate for San Antonio-New Braunfels MSA (Bexar County, TX) in October 2016 was 3.7%. (FRED: TXBEXA9URN)"
2016-11-01,2016,11,3.6,San Antonio–New Braunfels MSA (Bexar County),FRED: TXBEXA9URN,78207,"The unemployment rate for San Antonio-New Braunfels MSA (Bexar County, TX) in November 2016 was 3.6%. (FRED: TXBEXA9URN)"
2016-12-01,2016,12,3.6,San Antonio–New Braunfels MSA (Bexar County),FRED: TXBEXA9URN,78207,"The unemployment rate for San Antonio-New Braunfels MSA (Bexar County, TX) in December 2016 was 3.6%. (FRED: TXBEXA9URN)"
2017-01-01,2017,1,4.0,San Antonio–New Braunfels MSA (Bexar County),FRED: TXBEXA9URN,78207,"The unemployment rate for San Antonio-New Braunfels MSA (Bexar County, TX) in January 2017 was 4.0%. (FRED: TXBEXA9URN)"
2017-02-01,2017,2,4.0,San Antonio–New Braunfels MSA (Bexar County),FRED: TXBEXA9URN,78207,"The unemployment rate for San Antonio-New Braunfels MSA (Bexar County, TX) in February 2017 was 4.0%. (FRED: TXBEXA9URN)"
2017-03-01,2017,3,3.7,San Antonio–New Braunfels MSA (Bexar County),FRED: TXBEXA9URN,78207,"The unemployment rate for San Antonio-New Braunfels MSA (Bexar County, TX) in March 2017 was 3.7%. (FRED: TXBEXA9URN)"
2017-04-01,2017,4,3.3,San Antonio–New Braunfels MSA (Bexar County),FRED: TXBEXA9URN,78207,"The unemployment rate for San Antonio-New Braunfels MSA (Bexar County, TX) in April 2017 was 3.3%. (FRED: TXBEXA9URN)"
2017-05-01,2017,5,3.4,San Antonio–New Braunfels MSA (Bexar County),FRED: TXBEXA9URN,78207,"The unemployment rate for San Antonio-New Braunfels MSA (Bexar County, TX) in May 2017 was 3.4%. (FRED: TXBEXA9URN)"
2017-06-01,2017,6,3.8,San Antonio–New Braunfels MSA (Bexar County),FRED: TXBEXA9URN,78207,"The unemployment rate for San Antonio-New Braunfels MSA (Bexar County, TX) in June 2017 was 3.8%. (FRED: TXBEXA9URN)"
2017-07-01,2017,7,3.7,San Antonio–New Braunfels MSA (Bexar County),FRED: TXBEXA9URN,78207,"The unemployment rate for San Antonio-New Braunfels MSA (Bexar County, TX) in July 2017 was 3.7%. (FRED: TXBEXA9URN)"
2017-08-01,2017,8,3.7,San Antonio–New Braunfels MSA (Bexar County),FRED: TXBEXA9URN,78207,"The unemployment rate for San Antonio-New Braunfels MSA (Bexar County, TX) in August 2017 was 3.7%. (FRED: TXBEXA9URN)"
2017-09-01,2017,9,3.3,San Antonio–New Braunfels MSA (Bexar County),FRED: TXBEXA9URN,78207,"The unemployment rate for San Antonio-New Braunfels MSA (Bexar County, TX) in September 2017 was 3.3%. (FRED: TXBEXA9URN)"
2017-10-01,2017,10,3.1,San Antonio–New Braunfels MSA (Bexar County),FRED: TXBEXA9URN,78207,"The unemployment rate for San Antonio-New Braunfels MSA (Bexar County, TX) in October 2017 was 3.1%. (FRED: TXBEXA9URN)"
2017-11-01,2017,11,3.2,San Antonio–New Braunfels MSA (Bexar County),FRED: TXBEXA9URN,78207,"The unemployment rate for San Antonio-New Braunfels MSA (Bexar County, TX) in November 2017 was 3.2%. (FRED: TXBEXA9URN)"
2017-12-01,2017,12,3.1,San Antonio–New Braunfels MSA (Bexar County),FRED: TXBEXA9URN,78207,"The unemployment rate for San Antonio-New Braunfels MSA (Bexar County, TX) in December 2017 was 3.1%. (FRED: TXBEXA9URN)"
2018-01-01,2018,1,3.5,San Antonio–New Braunfels MSA (Bexar County),FRED: TXBEXA9URN,78207,"The unemployment rate for San Antonio-New Braunfels MSA (Bexar County, TX) in January 2018 was 3.5%. (FRED: TXBEXA9URN)"
2018-02-01,2018,2,3.6,San Antonio–New Braunfels MSA (Bexar County),FRED: TXBEXA9URN,78207,"The unemployment rate for San Antonio-New Braunfels MSA (Bexar County, TX) in February 2018 was 3.6%. (FRED: TXBEXA9URN)"
2018-03-01,2018,3,3.4,San Antonio–New Braunfels MSA (Bexar County),FRED: TXBEXA9URN,78207,"The unemployment rate for San Antonio-New Braunfels MSA (Bexar County, TX) in March 2018 was 3.4%. (FRED: TXBEXA9URN)"
2018-04-01,2018,4,3.1,San Antonio–New Braunfels MSA (Bexar County),FRED: TXBEXA9URN,78207,"The unemployment rate for San Antonio-New Braunfels MSA (Bexar County, TX) in April 2018 was 3.1%. (FRED: TXBEXA9URN)"
2018-05-01,2018,5,3.1,San Antonio–New Braunfels MSA (Bexar County),FRED: TXBEXA9URN,78207,"The unemployment rate for San Antonio-New Braunfels MSA (Bexar County, TX) in May 2018 was 3.1%. (FRED: TXBEXA9URN)"
2018-06-01,2018,6,3.7,San Antonio–New Braunfels MSA (Bexar County),FRED: TXBEXA9URN,78207,"The unemployment rate for San Antonio-New Braunfels MSA (Bexar County, TX) in June 2018 was 3.7%. (FRED: TXBEXA9URN)"
2018-07-01,2018,7,3.6,San Antonio–New Braunfels MSA (Bexar County),FRED: TXBEXA9URN,78207,"The unemployment rate for San Antonio-New Braunfels MSA (Bexar County, TX) in July 2018 was 3.6%. (FRED: TXBEXA9URN)"
2018-08-01,2018,8,3.5,San Antonio–New Braunfels MSA (Bexar County),FRED: TXBEXA9URN,78207,"The unemployment rate for San Antonio-New Braunfels MSA (Bexar County, TX) in August 2018 was 3.5%. (FRED: TXBEXA9URN)"
2018-09-01,2018,9,3.3,San Antonio–New Braunfels MSA (Bexar County),FRED: TXBEXA9URN,78207,"The unemployment rate for San Antonio-New Braunfels MSA (Bexar County, TX) in September 2018 was 3.3%. (FRED: TXBEXA9URN)"
2018-10-01,2018,10,3.1,San Antonio–New Braunfels MSA (Bexar County),FRED: TXBEXA9URN,78207,"The unemployment rate for San Antonio-New Braunfels MSA (Bexar County, TX) in October 2018 was 3.1%. (FRED: TXBEXA9URN)"
2018-11-01,2018,11,3.1,San Antonio–New Braunfels MSA (Bexar County),FRED: TXBEXA9URN,78207,"The unemployment rate for San Antonio-New Braunfels MSA (Bexar County, TX) in November 2018 was 3.1%. (FRED: TXBEXA9URN)"
2018-12-01,2018,12,3.2,San Antonio–New Braunfels MSA (Bexar County),FRED: TXBEXA9URN,78207,"The unemployment rate for San Antonio-New Braunfels MSA (Bexar County, TX) in December 2018 was 3.2%. (FRED: TXBEXA9URN)"
2019-01-01,2019,1,3.7,San Antonio–New Braunfels MSA (Bexar County),FRED: TXBEXA9URN,78207,"The unemployment rate for San Antonio-New Braunfels MSA (Bexar County, TX) in January 2019 was 3.7%. (FRED: TXBEXA9URN)"
2019-02-01,2019,2,3.4,San Antonio–New Braunfels MSA (Bexar County),FRED: TXBEXA9URN,78207,"The unemployment rate for San Antonio-New Braunfels MSA (Bexar County, TX) in February 2019 was 3.4%. (FRED: TXBEXA9URN)"
2019-03-01,2019,3,3.1,San Antonio–New Braunfels MSA (Bexar County),FRED: TXBEXA9URN,78207,"The unemployment rate for San Antonio-New Braunfels MSA (Bexar County, TX) in March 2019 was 3.1%. (FRED: TXBEXA9URN)"
2019-04-01,2019,4,2.7,San Antonio–New Braunfels MSA (Bexar County),FRED: TXBEXA9URN,78207,"The unemployment rate for San Antonio-New Braunfels MSA (Bexar County, TX) in April 2019 was 2.7%. (FRED: TXBEXA9URN)"
2019-05-01,2019,5,2.8,San Antonio–New Braunfels MSA (Bexar County),FRED: TXBEXA9URN,78207,"The unemployment rate for San Antonio-New Braunfels MSA (Bexar County, TX) in May 2019 was 2.8%. (FRED: TXBEXA9URN)"
2019-06-01,2019,6,3.4,San Antonio–New Braunfels MSA (Bexar County),FRED: TXBEXA9URN,78207,"The unemployment rate for San Antonio-New Braunfels MSA (Bexar County, TX) in June 2019 was 3.4%. (FRED: TXBEXA9URN)"
2019-07-01,2019,7,3.5,San Antonio–New Braunfels MSA (Bexar County),FRED: TXBEXA9URN,78207,"The unemployment rate for San Antonio-New Braunfels MSA (Bexar County, TX) in July 2019 was 3.5%. (FRED: TXBEXA9URN)"
2019-08-01,2019,8,3.3,San Antonio–New Braunfels MSA (Bexar County),FRED: TXBEXA9URN,78207,"The unemployment rate for San Antonio-New Braunfels MSA (Bexar County, TX) in August 2019 was 3.3%. (FRED: TXBEXA9URN)"
2019-09-01,2019,9,3.1,San Antonio–New Braunfels MSA (Bexar County),FRED: TXBEXA9URN,78207,"The unemployment rate for San Antonio-New Braunfels MSA (Bexar County, TX) in September 2019 was 3.1%. (FRED: TXBEXA9URN)"
2019-10-01,2019,10,3.0,San Antonio–New Braunfels MSA (Bexar County),FRED: TXBEXA9URN,78207,"The unemployment rate for San Antonio-New Braunfels MSA (Bexar County, TX) in October 2019 was 3.0%. (FRED: TXBEXA9URN)"
2019-11-01,2019,11,2.9,San Antonio–New Braunfels MSA (Bexar County),FRED: TXBEXA9URN,78207,"The unemployment rate for San Antonio-New Braunfels MSA (Bexar County, TX) in November 2019 was 2.9%. (FRED: TXBEXA9URN)"
2019-12-01,2019,12,2.7,San Antonio–New Braunfels MSA (Bexar County),FRED: TXBEXA9URN,78207,"The unemployment rate for San Antonio-New Braunfels MSA (Bexar County, TX) in December 2019 was 2.7%. (FRED: TXBEXA9URN)"
2020-01-01,2020,1,3.2,San Antonio–New Braunfels MSA (Bexar County),FRED: TXBEXA9URN,78207,"The unemployment rate for San Antonio-New Braunfels MSA (Bexar County, TX) in January 2020 was 3.2%. (FRED: TXBEXA9URN)"
2020-02-01,2020,2,3.1,San Antonio–New Braunfels MSA (Bexar County),FRED: TXBEXA9URN,78207,"The unemployment rate for San Antonio-New Braunfels MSA (Bexar County, TX) in February 2020 was 3.1%. (FRED: TXBEXA9URN)"
2020-03-01,2020,3,4.8,San Antonio–New Braunfels MSA (Bexar County),FRED: TXBEXA9URN,78207,"The unemployment rate for San Antonio-New Braunfels MSA (Bexar County, TX) in March 2020 was 4.8%. (FRED: TXBEXA9URN)"
2020-04-01,2020,4,13.2,San Antonio–New Braunfels MSA (Bexar County),FRED: TXBEXA9URN,78207,"The unemployment rate for San Antonio-New Braunfels MSA (Bexar County, TX) in April 2020 was 13.2%. (FRED: TXBEXA9URN)"
2020-05-01,2020,5,12.3,San Antonio–New Braunfels MSA (Bexar County),FRED: TXBEXA9URN,78207,"The unemployment rate for San Antonio-New Braunfels MSA (Bexar County, TX) in May 2020 was 12.3%. (FRED: TXBEXA9URN)"
2020-06-01,2020,6,10.3,San Antonio–New Braunfels MSA (Bexar County),FRED: TXBEXA9URN,78207,"The unemployment rate for San Antonio-New Braunfels MSA (Bexar County, TX) in June 2020 was 10.3%. (FRED: TXBEXA9URN)"
2020-07-01,2020,7,9.8,San Antonio–New Braunfels MSA (Bexar County),FRED: TXBEXA9URN,78207,"The unemployment rate for San Antonio-New Braunfels MSA (Bexar County, TX) in July 2020 was 9.8%. (FRED: TXBEXA9URN)"
2020-08-01,2020,8,7.8,San Antonio–New Braunfels MSA (Bexar County),FRED: TXBEXA9URN,78207,"The unemployment rate for San Antonio-New Braunfels MSA (Bexar County, TX) in August 2020 was 7.8%. (FRED: TXBEXA9URN)"
2020-09-01,2020,9,7.5,San Antonio–New Braunfels MSA (Bexar County),FRED: TXBEXA9URN,78207,"The unemployment rate for San Antonio-New Braunfels MSA (Bexar County, TX) in September 2020 was 7.5%. (FRED: TXBEXA9URN)"
2020-10-01,2020,10,6.5,San Antonio–New Braunfels MSA (Bexar County),FRED: TXBEXA9URN,78207,"The unemployment rate for San Antonio-New Braunfels MSA (Bexar County, TX) in October 2020 was 6.5%. (FRED: TXBEXA9URN)"
2020-11-01,2020,11,6.4,San Antonio–New Braunfels MSA (Bexar County),FRED: TXBEXA9URN,78207,"The unemployment rate for San Antonio-New Braunfels MSA (Bexar County, TX) in November 2020 was 6.4%. (FRED: TXBEXA9URN)"
2020-12-01,2020,12,6.2,San Antonio–New Braunfels MSA (Bexar County),FRED: TXBEXA9URN,78207,"The unemployment rate for San Antonio-New Braunfels MSA (Bexar County, TX) in December 2020 was 6.2%. (FRED: TXBEXA9URN)"
2021-01-01,2021,1,6.6,San Antonio–New Braunfels MSA (Bexar County),FRED: TXBEXA9URN,78207,"The unemployment rate for San Antonio-New Braunfels MSA (Bexar County, TX) in January 2021 was 6.6%. (FRED: TXBEXA9URN)"
2021-02-01,2021,2,6.5,San Antonio–New Braunfels MSA (Bexar County),FRED: TXBEXA9URN,78207,"The unemployment rate for San Antonio-New Braunfels MSA (Bexar County, TX) in February 2021 was 6.5%. (FRED: TXBEXA9URN)"
2021-03-01,2021,3,6.1,San Antonio–New Braunfels MSA (Bexar County),FRED: TXBEXA9URN,78207,"The unemployment rate for San Antonio-New Braunfels MSA (Bexar County, TX) in March 2021 was 6.1%. (FRED: TXBEXA9URN)"
2021-04-01,2021,4,5.5,San Antonio–New Braunfels MSA (Bexar County),FRED: TXBEXA9URN,78207,"The unemployment rate for San Antonio-New Braunfels MSA (Bexar County, TX) in April 2021 was 5.5%. (FRED: TXBEXA9URN)"
2021-05-01,2021,5,5.3,San Antonio–New Braunfels MSA (Bexar County),FRED: TXBEXA9URN,78207,"The unemployment rate for San Antonio-New Braunfels MSA (Bexar County, TX) in May 2021 was 5.3%. (FRED: TXBEXA9URN)"
2021-06-01,2021,6,6.0,San Antonio–New Braunfels MSA (Bexar County),FRED: TXBEXA9URN,78207,"The unemployment rate for San Antonio-New Braunfels MSA (Bexar County, TX) in June 2021 was 6.0%. (FRED: TXBEXA9URN)"
2021-07-01,2021,7,5.4,San Antonio–New Braunfels MSA (Bexar County),FRED: TXBEXA9URN,78207,"The unemployment rate for San Antonio-New Braunfels MSA (Bexar County, TX) in July 2021 was 5.4%. (FRED: TXBEXA9URN)"
2021-08-01,2021,8,5.1,San Antonio–New Braunfels MSA (Bexar County),FRED: TXBEXA9URN,78207,"The unemployment rate for San Antonio-New Braunfels MSA (Bexar County, TX) in August 2021 was 5.1%. (FRED: TXBEXA9URN)"
2021-09-01,2021,9,4.8,San Antonio–New Braunfels MSA (Bexar County),FRED: TXBEXA9URN,78207,"The unemployment rate for San Antonio-New Braunfels MSA (Bexar County, TX) in September 2021 was 4.8%. (FRED: TXBEXA9URN)"
2021-10-01,2021,10,4.5,San Antonio–New Braunfels MSA (Bexar County),FRED: TXBEXA9URN,78207,"The unemployment rate for San Antonio-New Braunfels MSA (Bexar County, TX) in October 2021 was 4.5%. (FRED: TXBEXA9URN)"
2021-11-01,2021,11,4.2,San Antonio–New Braunfels MSA (Bexar County),FRED: TXBEXA9URN,78207,"The unemployment rate for San Antonio-New Braunfels MSA (Bexar County, TX) in November 2021 was 4.2%. (FRED: TXBEXA9URN)"
2021-12-01,2021,12,3.8,San Antonio–New Braunfels MSA (Bexar County),FRED: TXBEXA9URN,78207,"The unemployment rate for San Antonio-New Braunfels MSA (Bexar County, TX) in December 2021 was 3.8%. (FRED: TXBEXA9URN)"
2022-01-01,2022,1,4.3,San Antonio–New Braunfels MSA (Bexar County),FRED: TXBEXA9URN,78207,"The unemployment rate for San Antonio-New Braunfels MSA (Bexar County, TX) in January 2022 was 4.3%. (FRED: TXBEXA9URN)"
2022-02-01,2022,2,4.1,San Antonio–New Braunfels MSA (Bexar County),FRED: TXBEXA9URN,78207,"The unemployment rate for San Antonio-New Braunfels MSA (Bexar County, TX) in February 2022 was 4.1%. (FRED: TXBEXA9URN)"
2022-03-01,2022,3,3.6,San Antonio–New Braunfels MSA (Bexar County),FRED: TXBEXA9URN,78207,"The unemployment rate for San Antonio-New Braunfels MSA (Bexar County, TX) in March 2022 was 3.6%. (FRED: TXBEXA9URN)"
2022-04-01,2022,4,3.3,San Antonio–New Braunfels MSA (Bexar County),FRED: TXBEXA9URN,78207,"The unemployment rate for San Antonio-New Braunfels MSA (Bexar County, TX) in April 2022 was 3.3%. (FRED: TXBEXA9URN)"
2022-05-01,2022,5,3.5,San Antonio–New Braunfels MSA (Bexar County),FRED: TXBEXA9URN,78207,"The unemployment rate for San Antonio-New Braunfels MSA (Bexar County, TX) in May 2022 was 3.5%. (FRED: TXBEXA9URN)"
2022-06-01,2022,6,4.0,San Antonio–New Braunfels MSA (Bexar County),FRED: TXBEXA9URN,78207,"The unemployment rate for San Antonio-New Braunfels MSA (Bexar County, TX) in June 2022 was 4.0%. (FRED: TXBEXA9URN)"
2022-07-01,2022,7,3.9,San Antonio–New Braunfels MSA (Bexar County),FRED: TXBEXA9URN,78207,"The unemployment rate for San Antonio-New Braunfels MSA (Bexar County, TX) in July 2022 was 3.9%. (FRED: TXBEXA9URN)"
2022-08-01,2022,8,3.8,San Antonio–New Braunfels MSA (Bexar County),FRED: TXBEXA9URN,78207,"The unemployment rate for San Antonio-New Braunfels MSA (Bexar County, TX) in August 2022 was 3.8%. (FRED: TXBEXA9URN)"
2022-09-01,2022,9,3.6,San Antonio–New Braunfels MSA (Bexar County),FRED: TXBEXA9URN,78207,"The unemployment rate for San Antonio-New Braunfels MSA (Bexar County, TX) in September 2022 was 3.6%. (FRED: TXBEXA9URN)"
2022-10-01,2022,10,3.7,San Antonio–New Braunfels MSA (Bexar County),FRED: TXBEXA9URN,78207,"The unemployment rate for San Antonio-New Braunfels MSA (Bexar County, TX) in October 2022 was 3.7%. (FRED: TXBEXA9URN)"
2022-11-01,2022,11,3.7,San Antonio–New Braunfels MSA (Bexar County),FRED: TXBEXA9URN,78207,"The unemployment rate for San Antonio-New Braunfels MSA (Bexar County, TX) in November 2022 was 3.7%. (FRED: TXBEXA9URN)"
2022-12-01,2022,12,3.4,San Antonio–New Braunfels MSA (Bexar County),FRED: TXBEXA9URN,78207,"The unemployment rate for San Antonio-New Braunfels MSA (Bexar County, TX) in December 2022 was 3.4%. (FRED: TXBEXA9URN)"
2023-01-01,2023,1,4.1,San Antonio–New Braunfels MSA (Bexar County),FRED: TXBEXA9URN,78207,"The unemployment rate for San Antonio-New Braunfels MSA (Bexar County, TX) in January 2023 was 4.1%. (FRED: TXBEXA9URN)"
2023-02-01,2023,2,4.2,San Antonio–New Braunfels MSA (Bexar County),FRED: TXBEXA9URN,78207,"The unemployment rate for San Antonio-New Braunfels MSA (Bexar County, TX) in February 2023 was 4.2%. (FRED: TXBEXA9URN)"
2023-03-01,2023,3,3.8,San Antonio–New Braunfels MSA (Bexar County),FRED: TXBEXA9URN,78207,"The unemployment rate for San Antonio-New Braunfels MSA (Bexar County, TX) in March 2023 was 3.8%. (FRED: TXBEXA9URN)"
2023-04-01,2023,4,3.4,San Antonio–New Braunfels MSA (Bexar County),FRED: TXBEXA9URN,78207,"The unemployment rate for San Antonio-New Braunfels MSA (Bexar County, TX) in April 2023 was 3.4%. (FRED: TXBEXA9URN)"
2023-05-01,2023,5,3.7,San Antonio–New Braunfels MSA (Bexar County),FRED: TXBEXA9URN,78207,"The unemployment rate for San Antonio-New Braunfels MSA (Bexar County, TX) in May 2023 was 3.7%. (FRED: TXBEXA9URN)"
2023-06-01,2023,6,3.9,San Antonio–New Braunfels MSA (Bexar County),FRED: TXBEXA9URN,78207,"The unemployment rate for San Antonio-New Braunfels MSA (Bexar County, TX) in June 2023 was 3.9%. (FRED: TXBEXA9URN)"
2023-07-01,2023,7,4.0,San Antonio–New Braunfels MSA (Bexar County),FRED: TXBEXA9URN,78207,"The unemployment rate for San Antonio-New Braunfels MSA (Bexar County, TX) in July 2023 was 4.0%. (FRED: TXBEXA9URN)"
2023-08-01,2023,8,4.1,San Antonio–New Braunfels MSA (Bexar County),FRED: TXBEXA9URN,78207,"The unemployment rate for San Antonio-New Braunfels MSA (Bexar County, TX) in August 2023 was 4.1%. (FRED: TXBEXA9URN)"
2023-09-01,2023,9,3.8,San Antonio–New Braunfels MSA (Bexar County),FRED: TXBEXA9URN,78207,"The unemployment rate for San Antonio-New Braunfels MSA (Bexar County, TX) in September 2023 was 3.8%. (FRED: TXBEXA9URN)"
2023-10-01,2023,10,3.6,San Antonio–New Braunfels MSA (Bexar County),FRED: TXBEXA9URN,78207,"The unemployment rate for San Antonio-New Braunfels MSA (Bexar County, TX) in October 2023 was 3.6%. (FRED: TXBEXA9URN)"
2023-11-01,2023,11,3.4,San Antonio–New Braunfels MSA (Bexar County),FRED: TXBEXA9URN,78207,"The unemployment rate for San Antonio-New Braunfels MSA (Bexar County, TX) in November 2023 was 3.4%. (FRED: TXBEXA9URN)"
2023-12-01,2023,12,3.3,San Antonio–New Braunfels MSA (Bexar County),FRED: TXBEXA9URN,78207,"The unemployment rate for San Antonio-New Braunfels MSA (Bexar County, TX) in December 2023 was 3.3%. (FRED: TXBEXA9URN)"
2024-01-01,2024,1,3.8,San Antonio–New Braunfels MSA (Bexar County),FRED: TXBEXA9URN,78207,"The unemployment rate for San Antonio-New Braunfels MSA (Bexar County, TX) in January 2024 was 3.8%. (FRED: TXBEXA9URN)"
2024-02-01,2024,2,4.0,San Antonio–New Braunfels MSA (Bexar County),FRED: TXBEXA9URN,78207,"The unemployment rate for San Antonio-New Braunfels MSA (Bexar County, TX) in February 2024 was 4.0%. (FRED: TXBEXA9URN)"
2024-03-01,2024,3,3.7,San Antonio–New Braunfels MSA (Bexar County),FRED: TXBEXA9URN,78207,"The unemployment rate for San Antonio-New Braunfels MSA (Bexar County, TX) in March 2024 was 3.7%. (FRED: TXBEXA9URN)"
2024-04-01,2024,4,3.3,San Antonio–New Braunfels MSA (Bexar County),FRED: TXBEXA9URN,78207,"The unemployment rate for San Antonio-New Braunfels MSA (Bexar County, TX) in April 2024 was 3.3%. (FRED: TXBEXA9URN)"
2024-05-01,2024,5,3.5,San Antonio–New Braunfels MSA (Bexar County),FRED: TXBEXA9URN,78207,"The unemployment rate for San Antonio-New Braunfels MSA (Bexar County, TX) in May 2024 was 3.5%. (FRED: TXBEXA9URN)"
2024-06-01,2024,6,4.2,San Antonio–New Braunfels MSA (Bexar County),FRED: TXBEXA9URN,78207,"The unemployment rate for San Antonio-New Braunfels MSA (Bexar County, TX) in June 2024 was 4.2%. (FRED: TXBEXA9URN)"
2024-07-01,2024,7,4.2,San Antonio–New Braunfels MSA (Bexar County),FRED: TXBEXA9URN,78207,"The unemployment rate for San Antonio-New Braunfels MSA (Bexar County, TX) in July 2024 was 4.2%. (FRED: TXBEXA9URN)"
2024-08-01,2024,8,4.1,San Antonio–New Braunfels MSA (Bexar County),FRED: TXBEXA9URN,78207,"The unemployment rate for San Antonio-New Braunfels MSA (Bexar County, TX) in August 2024 was 4.1%. (FRED: TXBEXA9URN)"
2024-09-01,2024,9,3.8,San Antonio–New Braunfels MSA (Bexar County),FRED: TXBEXA9URN,78207,"The unemployment rate for San Antonio-New Braunfels MSA (Bexar County, TX) in September 2024 was 3.8%. (FRED: TXBEXA9URN)"
2024-10-01,2024,10,3.9,San Antonio–New Braunfels MSA (Bexar County),FRED: TXBEXA9URN,78207,"The unemployment rate for San Antonio-New Braunfels MSA (Bexar County, TX) in October 2024 was 3.9%. (FRED: TXBEXA9URN)"
2024-11-01,2024,11,3.9,San Antonio–New Braunfels MSA (Bexar County),FRED: TXBEXA9URN,78207,"The unemployment rate for San Antonio-New Braunfels MSA (Bexar County, TX) in November 2024 was 3.9%. (FRED: TXBEXA9URN)"
2024-12-01,2024,12,3.4,San Antonio–New Braunfels MSA (Bexar County),FRED: TXBEXA9URN,78207,"The unemployment rate for San Antonio-New Braunfels MSA (Bexar County, TX) in December 2024 was 3.4%. (FRED: TXBEXA9URN)"
2025-01-01,2025,1,3.9,San Antonio–New Braunfels MSA (Bexar County),FRED: TXBEXA9URN,78207,"The unemployment rate for San Antonio-New Braunfels MSA (Bexar County, TX) in January 2025 was 3.9%. (FRED: TXBEXA9URN)"
2025-02-01,2025,2,4.1,San Antonio–New Braunfels MSA (Bexar County),FRED: TXBEXA9URN,78207,"The unemployment rate for San Antonio-New Braunfels MSA (Bexar County, TX) in February 2025 was 4.1%. (FRED: TXBEXA9URN)"
2025-03-01,2025,3,3.8,San Antonio–New Braunfels MSA (Bexar County),FRED: TXBEXA9URN,78207,"The unemployment rate for San Antonio-New Braunfels MSA (Bexar County, TX) in March 2025 was 3.8%. (FRED: TXBEXA9URN)"
2025-04-01,2025,4,3.5,San Antonio–New Braunfels MSA (Bexar County),FRED: TXBEXA9URN,78207,"The unemployment rate for San Antonio-New Braunfels MSA (Bexar County, TX) in April 2025 was 3.5%. (FRED: TXBEXA9URN)"
2025-05-01,2025,5,3.8,San Antonio–New Braunfels MSA (Bexar County),FRED: TXBEXA9URN,78207,"The unemployment rate for San Antonio-New Braunfels MSA (Bexar County, TX) in May 2025 was 3.8%. (FRED: TXBEXA9URN)"
2025-06-01,2025,6,3.8,San Antonio–New Braunfels MSA (Bexar County),FRED: TXBEXA9URN,78207,"The unemployment rate for San Antonio-New Braunfels MSA (Bexar County, TX) in June 2025 was 3.8%. (FRED: TXBEXA9URN)"
2025-07-01,2025,7,4.0,San Antonio–New Braunfels MSA (Bexar County),FRED: TXBEXA9URN,78207,"The unemployment rate for San Antonio-New Braunfels MSA (Bexar County, TX) in July 2025 was 4.0%. (FRED: TXBEXA9URN)"
2025-08-01,2025,8,4.4,San Antonio–New Braunfels MSA (Bexar County),FRED: TXBEXA9URN,78207,"The unemployment rate for San Antonio-New Braunfels MSA (Bexar County, TX) in August 2025 was 4.4%. (FRED: TXBEXA9URN)"
2025-09-01,2025,9,4.2,San Antonio–New Braunfels MSA (Bexar County),FRED: TXBEXA9URN,78207,"The unemployment rate for San Antonio-New Braunfels MSA (Bexar County, TX) in September 2025 was 4.2%. (FRED: TXBEXA9URN)"
2025-11-01,2025,11,4.0,San Antonio–New Braunfels MSA (Bexar County),FRED: TXBEXA9URN,78207,"The unemployment rate for San Antonio-New Braunfels MSA (Bexar County, TX) in November 2025 was 4.0%. (FRED: TXBEXA9URN)"
2025-12-01,2025,12,3.7,San Antonio–New Braunfels MSA (Bexar County),FRED: TXBEXA9URN,78207,"The unemployment rate for San Antonio-New Braunfels MSA (Bexar County, TX) in December 2025 was 3.7%. (FRED: TXBEXA9URN)"
