Product/Consumer Behavior,"Expected Number of
Adults/HHs",Percent,MPI(Market Potential Index)
Typically Spend 1-3 Hrs Exercising/Wk,9835,0.261,103
Typically Spend 4-6 Hrs Exercising/Wk,7700,0.204,92
Typically Spend 7+ Hrs Exercising/Wk,7006,0.186,80
Exercise at Home 2+ Times/Wk,15663,0.416,91
Exercise at Club 2+ Times/Wk,3452,0.092,69
Exercise at Oth Facility (Not Club) 2+ Times/Wk,2799,0.074,76
Member of LA Fitness Club/Gym,645,0.017,101
Member of Planet Fitness Club/Gym,2109,0.056,110
Member of YMCA Fitness Club/Gym,578,0.015,56
Own Elliptical,1523,0.04,67
Own Stationary Bicycle,3266,0.087,72
Own Treadmill,3409,0.091,71
Own Weight Lifting Equipment,4774,0.127,63
Own Blood Glucose Monitor,5390,0.143,121
Own BMI/Body-Fat Monitor,502,0.013,87
Own Electronic Ear Thermometer,1886,0.05,86
Own Finger Pulse Oximeter,4673,0.124,84
Own Forehead Thermometer,4953,0.132,74
Own Hand-Held Massagers,2032,0.054,50
Own Hearing Aids,1028,0.027,65
Own Heart Rate Monitor,2326,0.062,94
Own Home Blood Pressure Monitor,8460,0.225,75
Own Oral Irrigation Device,662,0.018,36
Own Pedometer,1188,0.032,58
Own Wheelchair,547,0.014,77
Control Diet for Blood Sugar Level,7676,0.204,151
Control Diet for Cholesterol Level,7248,0.193,138
Control Diet for Food Allergies,859,0.023,93
Control Diet to Maintain Weight,3548,0.094,83
Control Diet for Physical Fitness,5461,0.145,95
Control Diet for Salt Restriction,2111,0.056,131
Control Diet for Weight Loss,7294,0.194,93
Use Doctor`s Care/Diet for Diet Method,2410,0.064,129
Use Exercise Program for Diet Method,3436,0.091,88
Buy Foods Specifically Labeled: Fat-Free,4410,0.117,128
Buy Foods Specifically Labeled: Gluten-Free,2291,0.061,101
Buy Foods Specifically Labeled: High Fiber,2928,0.078,97
Buy Foods Specifically Labeled: High Protein,3292,0.087,78
Buy Foods Specifically Labeled: Hormone-Free,1027,0.027,91
Buy Foods Specifically Labeled: Lactose-Free,2963,0.079,131
Buy Foods Specifically Labeled: Low-Calorie,3350,0.089,123
Buy Foods Specifically Labeled: Low-Carb,3562,0.095,96
Buy Foods Specifically Labeled: Low-Cholesterol,3609,0.096,174
Buy Foods Specifically Labeled: Low-Fat,4939,0.131,153
Buy Foods Specifically Labeled: Low-Sodium,5990,0.159,127
Buy Foods Specifically Labeled: Natural/Organic,6032,0.16,98
Buy Foods Specifically Labeled: Probiotic,2834,0.075,137
Buy Foods Specifically Labeled: Sugar-Free,6517,0.173,126
Consider Self to Be Vegan,259,0.007,83
Consider Self to Be Vegetarian,463,0.012,74
Consider Self to Be Semi-Vegetarian,3665,0.097,118
Used Meal/Dietary/Weight Loss Supplement/6 Mo,4862,0.129,124
Used Vitamins or Dietary Supplements/6 Mo,24036,0.638,98
Provide Services as Primary Caregiver/Caretaker,2888,0.077,118
Assist w/Chores as Caregiver/Caretaker,1646,0.044,103
Assist w/Personal Care as Caregiver/Caretaker,1791,0.048,143
Cook/Prepare Food as Caregiver/Caretaker,2148,0.057,132
Make Doctor Appointments as Caregiver/Caretaker,1965,0.052,139
Attend Doc Appointments as Caregiver/Caretaker,2120,0.056,126
Shop/Pick Up Meds as Caregiver/Caretaker,1625,0.043,97
Give Medication as Caregiver/Caretaker,1132,0.03,108
Provide Transportation as Caregiver/Caretaker,1719,0.046,103
Visited Doctor/12 Mo,26370,0.7,88
Visited Doctor 1-2 Times/12 Mo,7908,0.21,104
Visited Doctor 3-5 Times/12 Mo,7147,0.19,85
Visited Doctor 6+ Times/12 Mo,11312,0.3,81
Visited Acupuncturist Doctor/12 Mo,364,0.01,53
Visited Allergist Doctor/12 Mo,764,0.02,89
Visited Cardiologist Doctor/12 Mo,3557,0.094,92
Visited Chiropractor/12 Mo,2084,0.055,67
Visited Dentist/12 Mo,12414,0.33,76
Visited Dermatologist Doctor/12 Mo,2782,0.074,59
Visited Ear or Nose or Throat Doctor/12 Mo,1731,0.046,85
Visited Eye Doctor/12 Mo,6348,0.169,78
Visited Gastroenterologist Doctor/12 Mo,1875,0.05,79
Visited General or Family Doctor/12 Mo,13463,0.358,83
Visited Internist Doctor/12 Mo,999,0.026,55
Visited Physical Therapist Doctor/12 Mo,1291,0.034,53
Visited Podiatrist Doctor/12 Mo,1147,0.03,84
Visited Psychiatrist/Psychologist Doctor/12 Mo,1612,0.043,80
Visited Urologist Doctor/12 Mo,1534,0.041,79
Visited Nurse Practitioner/12 Mo,1927,0.051,61
Wear Regular/Sun/Tinted Prescription Eyeglasses,13421,0.356,79
Wear Bi-Focal/Multi-Focal/Progressive Glasses,6283,0.167,82
Wear Soft Contact Lenses,2524,0.067,51
Spent $1-99 on Eyeglasses/12 Mo,1163,0.031,94
Spent $100-199 on Eyeglasses/12 Mo,2663,0.071,130
Spent $200-249 on Eyeglasses/12 Mo,1146,0.03,93
Spent $250+ on Eyeglasses/12 Mo,3592,0.095,80
Spent $1-199 on Contact Lenses/12 Mo,1101,0.029,64
Spent $200+ on Contact Lenses/12 Mo,787,0.021,38
Purchased Prescrp Eyewear at Discount Optical Ctr,1701,0.045,75
Purchased Prescrp Eyewear at Private Eye Doctor,5502,0.146,67
Purchased Prescrp Eyewear at Retail Optical Chain,5661,0.15,93
Purchased Prescrp Eyewear Online,1475,0.039,61
Used Acne Prescription Drug,1570,0.042,125
Used Allergy or Hay Fever Prescription Drug,3353,0.089,118
Used Anxiety or Panic Prescription Drug,3093,0.082,92
Used Arthritis/Osteoarthritis Prescription Drug,1444,0.038,101
Used Rheumatoid Arthritis Prescription Drug,1300,0.035,141
Used Asthma Prescription Drug,1606,0.043,82
Used ADD/ADHD Prescription Drug,463,0.012,54
Used Bipolar Disorder Prescription Drug,424,0.011,98
Used High Blood Pressure Prescription Drug,6329,0.168,103
Used High Cholesterol Prescription Drug,4675,0.124,99
Used Depression Prescription Drug,2594,0.069,85
Used Diabetes (Non-Insulin Dep T-2) Prescrp Drug,3826,0.102,149
Used Heartburn or Acid Reflux Prescription Drug,2505,0.067,95
Used Insomnia Prescription Drug,1314,0.035,119
Used Backache or Back Pain Prescription Drug,3520,0.093,114
Used Chronic/Severe Pain Prescription Drug,942,0.025,120
Used Migraine Headache Prescription Drug,1475,0.039,103
Used Sinus Congestion/Headache Prescription Drug,1336,0.035,95
Used Obesity/Weight Loss Prescription Drug,732,0.019,128
Used Urinary Tract Infection Prescription Drug,1249,0.033,90
Filled Prescription at Discount/Dept Store/12 Mo,631,0.017,65
Filled Prescription at Drug Store/Pharmacy/12 Mo,16070,0.427,89
Filled Prescription at Grocery Store/12 Mo,3457,0.092,87
Filled Prescription by Mail Order/12 Mo,2678,0.071,65
Filled Prescription Online/12 Mo,631,0.017,63
Received Prescrp Drugs via Home Delivery/12 Mo,4379,0.116,75
Received Prescrp Drugs via Curbside Pickup/12 Mo,1814,0.048,80
Received Prescrp Drugs via In-Store Pickup/12 Mo,16481,0.438,86
Spent $1-9 on Prescription Drugs/30 Days,1358,0.036,48
Spent $10-19 on Prescription Drugs/30 Days,2781,0.074,76
Spent $20-29 on Prescription Drugs/30 Days,1556,0.041,57
Spent $30-49 on Prescription Drugs/30 Days,2561,0.068,89
Spent $50-99 on Prescription Drugs/30 Days,1874,0.05,70
Spent $100-149 on Prescription Drugs/30 Days,1330,0.035,101
Spent $150+ on Prescription Drugs/30 Days,1096,0.029,68
Used Cold/Sinus/Allergy Med (Nonprescrp)/6 Mo,19864,0.528,102
Used Cough Syrup/Suppressant (Nonprescrp)/6 Mo,15798,0.42,130
Used Headache/Pain Reliever (Nonprescrp)/6 Mo,30406,0.808,99
Used Medicated Skin Cream/Lotion/Spray/6 Mo,9393,0.249,92
Used Non-Medicated Nasal Spray/6 Mo,5589,0.148,113
Used Pain Relieving Rub or Liquid or Patch/6 Mo,13234,0.351,123
Used Sleeping Aid or Snore Relief/6 Mo,6039,0.16,109
Used Sore Throat Remedy or Cough Drops/6 Mo,19157,0.509,110
Used Sunburn Remedy/12 Mo,4525,0.12,94
Used Suntan or Sunscreen Prod/12 Mo,12127,0.322,75
Used Toothache/Gum/Canker Sore Remedy/6 Mo,3482,0.093,117
HH Used Children`s Cold Tablets/Liquids/6 Mo,2326,0.144,144
HH Used Children`s Cough Syrup/6 Mo,2148,0.133,157
HH Used Kids Pain Reliever/Fever Reducer/6 Mo,3238,0.2,126
HH Used Kids Vitamins/Nutrition Supplements/6 Mo,2250,0.139,127
Hlth Ad Action: Made Appt to See Doc/12 Mo,4144,0.11,109
Hlth Ad Action: Asked Doc to Prescrb Drug/12 Mo,2010,0.053,132
Hlth Ad Action: Asked for Test/Procedure/12 Mo,608,0.016,123
Hlth Ad Action: Asked Doc for Vaccine/12 Mo,1505,0.04,109
Hlth Ad Action: Consulted Pharmacist/12 Mo,1130,0.03,76
Hlth Ad Action: Refilled Prescrp/12 Mo,3099,0.082,87
Hlth Ad Action: Purchased Non-Prescrp Prod/12 Mo,5286,0.14,127
Hlth Ad Action: Discussed Ad w/Doctor/12 Mo,1637,0.043,107
Hlth Ad Action: Discussed Ad w/Friends/Fam/12 Mo,2154,0.057,134
Hlth Ad Action: Visited Prod/Drug Website/12 Mo,1754,0.047,86
Got Ailment/Drug Info via Doc Office Video/12 Mo,1587,0.042,128
Got Ailment/Drug Info via Friends/Family/12 Mo,4681,0.124,123
Got Ailment/Drug Info via Hlth Website/App/12 Mo,4043,0.107,69
Got Ailment/Drug Info via Oth Website/App/12 Mo,2277,0.06,77
Got Ailment/Drug Info via Magazine Ad/12 Mo,955,0.025,106
Got Ailment/Drug Info via Medical Journal/12 Mo,574,0.015,63
Got Ailment/Drug Info via Pamphlet/Broch/12 Mo,1029,0.027,67
Got Ailment/Drug Info via Medical Prof/12 Mo,16303,0.433,87
Got Ailment/Drug Info via Pharmacist/12 Mo,2506,0.067,74
Got Ailment/Drug Info via Social Media/12 Mo,3493,0.093,143
Got Ailment/Drug Info via Streaming Vid Ad/12 Mo,2257,0.06,133
Got Ailment/Drug Info via TV Ad/12 Mo,6213,0.165,144
Used Body Wash or Shower Gel/6 Mo,26468,0.703,109
Used Breath Freshener/6 Mo,15742,0.418,121
Used Gum Breath Freshener/6 Mo,10976,0.291,141
Used Mints Breath Freshener/6 Mo,5371,0.143,93
Used Thin Film Breath Freshener/6 Mo,965,0.026,118
Used Complexion Care Prod/6 Mo,22824,0.606,112
Used Denture Adhesive or Fixative/6 Mo,2539,0.067,165
Used Denture Cleaner/6 Mo,3316,0.088,122
Used Eyeliner/Eyebrow Pencil/6 Mo,10548,0.28,107
Used Facial Moisturizer/6 Mo,21094,0.56,109
Used Personal Foot Care Prod/6 Mo,10225,0.272,146
Used Hair Coloring Prod at Home/6 Mo,10290,0.273,159
Used Hair Conditioning Treatment at Home/6 Mo,14661,0.389,143
Used Hair Growth Prod/6 Mo,2032,0.054,133
Used Hair Spray at Home/6 Mo,9418,0.25,98
Used Hair Styling Gel/Lotion/Mousse/6 Mo,17097,0.454,120
Used Mouthwash/6 Mo,28822,0.765,117
Used Mouthwash 8+ Times/7 Days,9255,0.246,144
Used Sensitive Toothpaste/6 Mo,7107,0.189,91
Used Whitening Toothpaste/6 Mo,15860,0.421,109
Used Tooth Whitener (Not Toothpaste)/6 Mo,4022,0.107,105
Used Tooth Whitener (Gel)/6 Mo,772,0.02,106
Used Tooth Whitener (Strips)/6 Mo,1963,0.052,93
Visited Day Spa/6 Mo,1320,0.035,70
Purchased Prod at Salon or Day Spa/6 Mo,706,0.019,50
Used Prof Service for Haircut/6 Mo,20038,0.532,89
Used Prof Svc for Hair Color/Highlights/6 Mo,3875,0.103,71
Used Prof Service for Facial/6 Mo,1533,0.041,136
Used Prof Service for Massage/6 Mo,2081,0.055,70
Used Prof Service for Manicure/6 Mo,4914,0.131,111
Used Prof Service for Pedicure/6 Mo,5446,0.145,96
Used Prof Service for Waxing/6 Mo,1798,0.048,100
Spent $1-99 at Barber Shop/6 Mo,4903,0.13,96
Spent $100+ at Barber Shop/6 Mo,3003,0.08,81
Spent $1-99 at Beauty Salon/6 Mo,4317,0.115,107
Spent $100+ at Beauty Salon/6 Mo,5044,0.134,66
